label,x_um,y_um,z_um,r_um,brightness,x_vox,y_vox,z_vox
1,114.5835,139.4491,41.9250,5.1694,1.20061,114.5835,139.4491,10.4813
2,245.6741,11.2617,116.5397,6.3451,0.53580,245.6741,11.2617,29.1349
3,86.2190,123.2070,241.4205,8.3706,1.56874,86.2190,123.2070,60.3551
4,39.3469,20.3231,234.9895,6.8995,1.75828,39.3469,20.3231,58.7474
5,128.9830,29.0016,109.5342,6.0632,0.31017,128.9830,29.0016,27.3835
6,128.5708,239.4513,70.9504,8.7204,0.45781,128.5708,239.4513,17.7376
7,214.2743,115.5824,75.0850,7.0182,1.07972,214.2743,115.5824,18.7712
8,101.8866,135.2862,241.0113,8.4219,0.82717,101.8866,135.2862,60.2528
9,79.8380,14.2806,101.7698,5.7459,0.98997,79.8380,14.2806,25.4424
10,171.6402,50.7528,170.3744,5.8007,0.59940,171.6402,50.7528,42.5936
11,92.9783,91.4406,180.4306,6.0539,1.69493,92.9783,91.4406,45.1076
12,94.6746,212.7239,145.2874,6.8660,1.59468,94.6746,212.7239,36.3219
13,224.9379,89.8758,16.2996,5.8553,1.04041,224.9379,89.8758,4.0749
14,37.7289,65.2206,187.3173,6.9784,1.96668,37.7289,65.2206,46.8293
15,202.5733,234.1484,153.8824,5.5230,1.32380,202.5733,234.1484,38.4706
16,178.9013,245.4446,90.2359,7.8414,0.59716,178.9013,245.4446,22.5590
17,132.6518,136.0696,49.8303,5.6514,1.24764,132.6518,136.0696,12.4576
18,11.8296,230.2534,71.7109,7.4524,0.56252,11.8296,230.2534,17.9277
19,32.5368,64.7029,72.9047,5.1582,1.69396,32.5368,64.7029,18.2262
20,74.2205,53.1584,98.4154,5.1312,0.97049,74.2205,53.1584,24.6038
21,89.2140,86.5437,29.1586,6.5407,0.89501,89.2140,86.5437,7.2897
22,55.3760,190.5707,247.6586,5.1008,0.66461,55.3760,190.5707,61.9147
23,128.9982,135.5286,84.1352,8.7141,2.08241,128.9982,135.5286,21.0338
24,190.9614,209.8709,222.0543,8.0958,0.91145,190.9614,209.8709,55.5136
25,192.1903,201.6966,81.9297,6.7374,0.77337,192.1903,201.6966,20.4824
26,32.0350,244.9273,191.8943,8.7170,0.80955,32.0350,244.9273,47.9736
27,166.0035,14.6874,193.7240,5.3731,1.37628,166.0035,14.6874,48.4310
28,152.3333,212.7922,32.4546,8.1969,1.24516,152.3333,212.7922,8.1136
29,107.2488,17.3697,115.4790,6.1037,1.28100,107.2488,17.3697,28.8698
30,102.0549,109.8840,219.7715,6.0609,1.29498,102.0549,109.8840,54.9429
31,223.2218,110.0970,86.3575,6.0814,3.61463,223.2218,110.0970,21.5894
32,108.2600,69.7742,128.6430,7.0100,0.78361,108.2600,69.7742,32.1607
33,92.0507,143.9729,106.9768,5.6072,0.73540,92.0507,143.9729,26.7442
34,70.2436,239.5279,195.5955,8.2956,0.61369,70.2436,239.5279,48.8989
35,207.8879,43.4437,134.2514,8.8704,1.44714,207.8879,43.4437,33.5629
36,205.2147,148.4211,70.6033,5.6799,1.96872,205.2147,148.4211,17.6508
37,36.9672,143.1075,180.2901,8.7184,0.93392,36.9672,143.1075,45.0725
38,70.0774,167.0859,36.5199,7.0490,0.60405,70.0774,167.0859,9.1300
39,221.3547,53.7318,86.2017,8.7482,0.60976,221.3547,53.7318,21.5504
40,180.1821,114.2776,45.7509,7.3505,1.47751,180.1821,114.2776,11.4377
41,249.5263,117.1431,218.5873,5.4166,1.56198,249.5263,117.1431,54.6468
42,229.4254,29.0041,35.3102,6.9295,1.38527,229.4254,29.0041,8.8275
43,233.8603,84.1690,93.7374,8.7185,0.67079,233.8603,84.1690,23.4343
44,107.8469,53.4929,223.7616,6.8098,1.14947,107.8469,53.4929,55.9404
45,177.6705,23.2631,16.3900,6.0132,1.07252,177.6705,23.2631,4.0975
46,89.5618,165.1191,31.0644,7.6149,1.14021,89.5618,165.1191,7.7661
47,186.7491,216.9500,42.0612,8.7994,1.68684,186.7491,216.9500,10.5153
48,96.2132,136.9749,78.9562,6.2806,1.14357,96.2132,136.9749,19.7390
49,96.0699,68.2291,100.2201,5.2425,1.50283,96.0699,68.2291,25.0550
50,70.2779,158.7763,100.8858,5.7878,1.04138,70.2779,158.7763,25.2214
51,136.1793,193.5828,98.7785,6.3815,1.18943,136.1793,193.5828,24.6946
52,239.5622,133.2598,226.0645,7.3501,1.46049,239.5622,133.2598,56.5161
53,23.1292,111.1503,175.1305,8.1747,0.41716,23.1292,111.1503,43.7826
54,118.1724,31.8541,142.6408,8.9468,0.82547,118.1724,31.8541,35.6602
55,189.1161,129.8654,182.2910,5.5063,0.75411,189.1161,129.8654,45.5728
56,158.5665,154.6532,188.3446,8.4774,0.68159,158.5665,154.6532,47.0862
57,215.5618,18.0133,141.3317,8.3698,0.84782,215.5618,18.0133,35.3329
58,215.3009,163.9523,108.6723,5.8651,2.45215,215.3009,163.9523,27.1681
59,88.9640,177.4151,56.3086,5.7524,0.59482,88.9640,177.4151,14.0772
60,222.3885,192.2695,54.9747,5.3743,1.78777,222.3885,192.2695,13.7437
61,242.0812,178.3102,154.7089,6.1692,0.36432,242.0812,178.3102,38.6772
62,79.4809,16.7770,183.1873,6.2305,0.81797,79.4809,16.7770,45.7968
63,7.3562,183.9175,237.3702,5.1727,1.10258,7.3562,183.9175,59.3425
64,121.2518,124.6795,112.8038,8.0260,1.42153,121.2518,124.6795,28.2009
65,133.2419,111.3796,151.6980,6.2986,1.53225,133.2419,111.3796,37.9245
66,245.2257,28.2401,100.6913,8.5925,1.60964,245.2257,28.2401,25.1728
67,92.1312,76.4507,49.0576,5.7228,0.81120,92.1312,76.4507,12.2644
68,127.1171,227.7332,16.8096,8.0563,0.75774,127.1171,227.7332,4.2024
69,104.4506,25.8126,70.2332,5.2679,1.67328,104.4506,25.8126,17.5583
70,59.2819,56.7220,145.3874,8.9441,0.89156,59.2819,56.7220,36.3469
71,147.3065,98.4145,206.4282,6.9920,0.46514,147.3065,98.4145,51.6070
72,110.6072,174.0915,217.4414,5.5543,0.50663,110.6072,174.0915,54.3604
73,144.3296,24.1440,48.5326,6.4783,0.57599,144.3296,24.1440,12.1331
74,183.4769,76.4039,182.4701,5.2766,1.34756,183.4769,76.4039,45.6175
75,216.2691,209.6911,27.9170,5.2656,1.08921,216.2691,209.6911,6.9792
76,19.8188,214.2186,63.3181,5.0950,1.51330,19.8188,214.2186,15.8295
77,110.3271,198.8120,125.3399,7.1931,0.77387,110.3271,198.8120,31.3350
78,245.3795,44.0329,207.3672,7.0026,1.09980,245.3795,44.0329,51.8418
79,122.5556,222.1058,168.2438,5.2070,1.45551,122.5556,222.1058,42.0610
80,71.5468,108.5786,96.1771,7.7409,0.83060,71.5468,108.5786,24.0443
81,118.9412,86.4853,81.3487,7.0858,1.31530,118.9412,86.4853,20.3372
82,95.3424,43.2882,218.0467,6.0034,0.67223,95.3424,43.2882,54.5117
83,40.4079,174.3679,211.1559,7.4085,0.80426,40.4079,174.3679,52.7890
84,43.4105,9.0364,18.3894,5.9501,0.79529,43.4105,9.0364,4.5974
85,243.9026,19.7261,187.0166,8.0490,0.48797,243.9026,19.7261,46.7541
86,150.4274,190.3352,93.7268,5.2874,1.33935,150.4274,190.3352,23.4317
87,151.2179,247.8207,68.8799,5.0437,0.75454,151.2179,247.8207,17.2200
88,36.8080,141.3986,151.3864,5.7580,1.00752,36.8080,141.3986,37.8466
89,188.1459,221.2921,200.6705,8.1691,1.33435,188.1459,221.2921,50.1676
90,141.5236,78.9693,86.8043,5.9891,1.30724,141.5236,78.9693,21.7011
91,171.0265,240.2617,108.3461,8.7278,1.49068,171.0265,240.2617,27.0865
92,124.9116,33.8665,64.8873,7.1498,0.94262,124.9116,33.8665,16.2218
93,24.2655,231.4555,37.8056,7.1105,0.77571,24.2655,231.4555,9.4514
94,192.3182,30.2904,225.0339,5.7919,0.95329,192.3182,30.2904,56.2585
95,25.2479,173.6969,159.3532,7.9028,0.36335,25.2479,173.6969,39.8383
96,206.0918,179.9546,148.5049,8.0294,0.41968,206.0918,179.9546,37.1262
97,175.6259,238.3222,149.1295,6.2899,0.45220,175.6259,238.3222,37.2824
98,112.9934,189.1323,246.7859,7.6574,0.54972,112.9934,189.1323,61.6965
99,55.7687,137.5722,123.4795,5.6416,1.27108,55.7687,137.5722,30.8699
100,20.0360,105.0812,147.8673,7.2863,0.58084,20.0360,105.0812,36.9668
101,165.6529,180.7018,161.8749,7.3408,0.79700,165.6529,180.7018,40.4687
102,157.6529,136.9147,153.2406,8.1610,2.18046,157.6529,136.9147,38.3101
103,72.8338,134.6634,218.7069,5.4048,0.80754,72.8338,134.6634,54.6767
104,30.2846,150.0138,61.6157,7.7162,1.55661,30.2846,150.0138,15.4039
105,205.9728,150.2545,149.7560,7.9361,0.57111,205.9728,150.2545,37.4390
106,115.0306,215.8562,181.8852,6.3544,0.88403,115.0306,215.8562,45.4713
107,96.3966,20.1622,42.3782,7.0790,0.56552,96.3966,20.1622,10.5945
108,97.3011,235.6852,129.2495,5.7721,0.81594,97.3011,235.6852,32.3124
109,32.5437,88.8503,204.4451,5.9394,1.65564,32.5437,88.8503,51.1113
110,193.6557,200.9317,34.2338,6.5334,0.35473,193.6557,200.9317,8.5584
111,237.7840,104.5982,20.6169,7.4346,1.29778,237.7840,104.5982,5.1542
112,218.7807,133.2390,140.3638,8.6932,1.15332,218.7807,133.2390,35.0909
113,205.4049,127.6608,15.0558,5.8470,0.70013,205.4049,127.6608,3.7639
114,235.4595,206.5142,74.8538,7.7321,0.41994,235.4595,206.5142,18.7134
115,235.2579,234.4569,135.8955,5.2133,1.04423,235.2579,234.4569,33.9739
116,119.0666,108.8350,37.1009,7.5693,0.72782,119.0666,108.8350,9.2752
117,62.9935,209.8798,41.8572,5.3870,1.14982,62.9935,209.8798,10.4643
118,139.7737,59.0087,46.4332,5.9068,1.01320,139.7737,59.0087,11.6083
119,96.4092,158.2143,226.7205,7.2533,2.61449,96.4092,158.2143,56.6801
120,228.3784,225.7214,207.8999,5.6040,0.86622,228.3784,225.7214,51.9750
121,239.7142,148.8760,196.6406,5.0659,0.54113,239.7142,148.8760,49.1601
122,10.4966,130.3459,129.7327,6.5091,1.11356,10.4966,130.3459,32.4332
123,89.4513,67.8322,134.6247,6.7480,1.14111,89.4513,67.8322,33.6562
124,241.2525,49.1762,84.5398,6.5011,2.26033,241.2525,49.1762,21.1350
125,138.4656,127.8261,162.7346,6.1758,1.65048,138.4656,127.8261,40.6837
126,77.2263,173.5712,15.7195,8.8000,1.23877,77.2263,173.5712,3.9299
127,119.2238,14.5472,156.4643,6.0496,2.40604,119.2238,14.5472,39.1161
128,186.8637,131.9542,152.7984,7.7132,0.49005,186.8637,131.9542,38.1996
129,17.5193,31.6558,165.3279,6.5843,0.68123,17.5193,31.6558,41.3320
130,13.7123,141.5918,187.2470,8.9822,0.57353,13.7123,141.5918,46.8117
131,138.7310,156.4664,174.6997,8.3071,0.79145,138.7310,156.4664,43.6749
132,38.4342,229.0598,15.6053,8.4359,0.43779,38.4342,229.0598,3.9013
133,27.5561,55.5321,10.2689,8.3448,1.46388,27.5561,55.5321,2.5672
134,88.1737,47.6920,116.2402,6.7810,0.87517,88.1737,47.6920,29.0601
135,192.4477,222.6583,164.7353,6.6095,0.41375,192.4477,222.6583,41.1838
136,78.2790,228.4383,28.0605,5.4976,0.54371,78.2790,228.4383,7.0151
137,234.5308,236.4954,106.6226,6.6274,1.20696,234.5308,236.4954,26.6556
138,117.6769,188.4911,16.2068,7.6696,1.65347,117.6769,188.4911,4.0517
139,155.7328,63.0512,168.3253,5.5766,3.31361,155.7328,63.0512,42.0813
140,221.2551,205.0022,126.2725,6.4049,4.00000,221.2551,205.0022,31.5681
141,73.5727,126.6349,56.0561,8.0916,1.28229,73.5727,126.6349,14.0140
142,204.6035,223.3549,217.5047,8.4435,0.55227,204.6035,223.3549,54.3762
143,63.7995,230.0501,144.8293,8.8384,0.27825,63.7995,230.0501,36.2073
144,142.5272,90.1270,77.1216,6.6900,1.17425,142.5272,90.1270,19.2804
145,26.9186,127.1685,221.8653,5.9653,0.61400,26.9186,127.1685,55.4663
146,133.0123,110.9367,119.4935,7.5206,0.77941,133.0123,110.9367,29.8734
147,206.2557,54.9104,180.4933,5.8371,0.69263,206.2557,54.9104,45.1233
148,145.8129,214.3475,78.2867,8.0399,0.91900,145.8129,214.3475,19.5717
149,182.3581,198.7879,166.9967,8.5265,1.89570,182.3581,198.7879,41.7492
150,244.9775,109.0603,202.4700,8.3854,1.09881,244.9775,109.0603,50.6175
151,116.7811,229.6324,102.8688,7.9783,0.90921,116.7811,229.6324,25.7172
152,33.6325,62.3297,209.5886,7.2619,0.53720,33.6325,62.3297,52.3972
153,155.4576,115.3324,103.6482,6.8691,0.36611,155.4576,115.3324,25.9121
154,147.6982,128.2362,121.3084,6.8875,0.74693,147.6982,128.2362,30.3271
155,186.3309,90.3342,199.3742,8.2713,0.96825,186.3309,90.3342,49.8436
156,45.8185,147.6099,77.0823,8.4146,2.88856,45.8185,147.6099,19.2706
157,65.8083,168.8089,69.6985,7.9567,1.08130,65.8083,168.8089,17.4246
158,235.6352,99.5244,218.1437,7.0446,1.80335,235.6352,99.5244,54.5359
159,216.5040,49.1095,203.4727,8.9478,0.74113,216.5040,49.1095,50.8682
160,101.9931,218.3636,174.0070,5.1286,0.49117,101.9931,218.3636,43.5017
161,101.1167,202.8695,178.2391,7.1310,0.56042,101.1167,202.8695,44.5598
162,222.2954,63.1193,48.8107,6.8736,0.64718,222.2954,63.1193,12.2027
163,240.7394,67.6303,68.2069,7.5712,3.58616,240.7394,67.6303,17.0517
164,215.5751,61.5463,128.7720,5.5580,0.61089,215.5751,61.5463,32.1930
165,93.6235,106.7024,49.1218,8.2298,1.65383,93.6235,106.7024,12.2805
166,195.7816,41.4992,102.6350,7.9633,0.58173,195.7816,41.4992,25.6587
167,10.2129,80.3347,141.0371,8.5716,1.74882,10.2129,80.3347,35.2593
168,177.5580,146.0529,30.4427,7.1185,1.25982,177.5580,146.0529,7.6107
169,50.8902,190.8253,94.9198,8.3776,0.91030,50.8902,190.8253,23.7300
170,58.1699,53.5077,127.2929,8.1310,0.97584,58.1699,53.5077,31.8232
171,61.0449,182.6000,210.2327,5.1317,0.67511,61.0449,182.6000,52.5582
172,220.9800,200.4019,217.9640,5.3231,1.30688,220.9800,200.4019,54.4910
173,169.5203,133.9825,164.4264,7.7937,0.76110,169.5203,133.9825,41.1066
174,33.4647,84.4012,26.8227,8.6764,0.47933,33.4647,84.4012,6.7057
175,48.1563,198.7065,219.4597,8.9640,0.46451,48.1563,198.7065,54.8649
176,189.8987,92.6098,164.1995,5.1955,1.10910,189.8987,92.6098,41.0499
177,70.3651,40.4941,36.1104,7.0562,2.57914,70.3651,40.4941,9.0276
178,161.5069,91.8671,59.0928,5.4133,1.10075,161.5069,91.8671,14.7732
179,172.5571,137.3403,231.7222,7.7675,0.93129,172.5571,137.3403,57.9305
180,208.9150,25.6440,185.7793,6.5417,1.18708,208.9150,25.6440,46.4448
181,171.2871,193.2123,248.1596,6.4132,2.18934,171.2871,193.2123,62.0399
182,22.6865,151.0117,36.5428,6.9699,1.14069,22.6865,151.0117,9.1357
183,17.5747,218.5756,174.9587,5.6630,0.78149,17.5747,218.5756,43.7397
184,13.0541,142.2978,75.0079,5.1598,1.94211,13.0541,142.2978,18.7520
185,112.3556,229.2675,77.2384,7.3869,1.29337,112.3556,229.2675,19.3096
186,21.6121,236.7532,242.6928,7.7166,2.51294,21.6121,236.7532,60.6732
187,119.7175,61.3340,202.4062,7.9563,1.11621,119.7175,61.3340,50.6016
188,61.7947,116.3839,119.1421,7.9454,0.47966,61.7947,116.3839,29.7855
189,171.6427,161.9864,163.5673,8.3056,0.44004,171.6427,161.9864,40.8918
190,96.9751,18.1247,197.3928,6.0819,2.69273,96.9751,18.1247,49.3482
191,113.1441,66.7490,58.1068,6.7320,2.81285,113.1441,66.7490,14.5267
192,64.0006,23.7163,192.0138,7.3513,0.89789,64.0006,23.7163,48.0035
193,99.1382,111.4485,203.9221,6.5059,0.79460,99.1382,111.4485,50.9805
194,187.6050,117.8724,107.4158,6.7267,2.40336,187.6050,117.8724,26.8539
195,84.2902,33.1001,107.5817,7.1011,0.51467,84.2902,33.1001,26.8954
196,157.6007,117.6996,11.0827,5.1449,0.58459,157.6007,117.6996,2.7707
197,134.9924,7.8436,46.5817,6.6052,1.47108,134.9924,7.8436,11.6454
198,140.0831,86.4222,139.7728,5.3743,0.78918,140.0831,86.4222,34.9432
199,42.1161,244.9430,156.5897,5.5074,0.99693,42.1161,244.9430,39.1474
200,244.3781,29.5884,241.4616,7.4412,0.90659,244.3781,29.5884,60.3654
201,45.0248,245.5817,99.4070,8.7250,1.22451,45.0248,245.5817,24.8518
202,176.9444,43.9945,135.9949,7.2712,2.32679,176.9444,43.9945,33.9987
203,17.5929,177.5347,246.4378,8.4176,1.05586,17.5929,177.5347,61.6094
204,45.3154,170.4808,20.6641,5.0299,1.47162,45.3154,170.4808,5.1660
205,172.0279,149.0918,95.7412,7.3592,0.29226,172.0279,149.0918,23.9353
206,150.4818,58.2943,143.0529,7.7891,0.97119,150.4818,58.2943,35.7632
207,167.5303,121.3161,85.7253,8.5276,0.60294,167.5303,121.3161,21.4313
208,65.8645,9.0654,246.4024,5.3435,0.48129,65.8645,9.0654,61.6006
209,204.2693,47.7391,75.5838,5.8899,0.59044,204.2693,47.7391,18.8960
210,85.7426,199.7993,238.1456,6.6731,0.81834,85.7426,199.7993,59.5364
211,45.8988,193.5746,44.5642,8.5012,1.73246,45.8988,193.5746,11.1411
212,132.2317,89.2726,46.8204,8.6535,0.45120,132.2317,89.2726,11.7051
213,84.9709,76.1061,145.6975,7.1718,1.01855,84.9709,76.1061,36.4244
214,120.5138,164.5770,37.8217,5.7333,0.74789,120.5138,164.5770,9.4554
215,129.3542,203.5860,164.4071,8.7224,0.82152,129.3542,203.5860,41.1018
216,179.5083,217.3938,155.0744,7.8400,1.82514,179.5083,217.3938,38.7686
217,31.1717,153.6887,23.1553,6.1129,1.38108,31.1717,153.6887,5.7888
218,21.6605,139.8342,45.7782,5.9652,2.23098,21.6605,139.8342,11.4445
219,244.1299,30.6070,207.7766,5.8403,0.91146,244.1299,30.6070,51.9442
220,66.9572,186.7771,28.5882,7.3764,0.65865,66.9572,186.7771,7.1471
221,149.3989,35.4346,28.0045,8.0977,0.87431,149.3989,35.4346,7.0011
222,78.7201,220.6512,190.3716,8.0033,1.15662,78.7201,220.6512,47.5929
223,75.2165,177.8154,234.8449,7.7928,1.11176,75.2165,177.8154,58.7112
224,85.7110,63.4544,102.0312,5.3662,0.52172,85.7110,63.4544,25.5078
225,71.3952,215.3554,152.8740,5.5652,1.05579,71.3952,215.3554,38.2185
226,197.8604,23.0447,68.6936,6.5120,1.14676,197.8604,23.0447,17.1734
227,50.9842,161.0667,98.6563,5.0199,4.00000,50.9842,161.0667,24.6641
228,190.6353,115.5508,187.0367,8.6971,3.08363,190.6353,115.5508,46.7592
229,118.7838,161.6642,226.8872,8.9016,0.59933,118.7838,161.6642,56.7218
230,221.5511,30.6016,163.9260,5.9947,0.84162,221.5511,30.6016,40.9815
231,58.9444,72.1346,151.7395,5.6067,0.41559,58.9444,72.1346,37.9349
232,66.5554,220.0522,97.6826,6.7676,0.70158,66.5554,220.0522,24.4207
233,106.2893,51.5290,183.6905,6.7841,1.20848,106.2893,51.5290,45.9226
234,11.7022,239.5546,203.9135,6.7938,2.06166,11.7022,239.5546,50.9784
235,215.9219,224.9062,89.2882,7.8942,0.64568,215.9219,224.9062,22.3220
236,154.0173,72.3585,61.5154,7.4438,0.67537,154.0173,72.3585,15.3788
237,166.7275,196.2882,191.4347,5.4556,0.27572,166.7275,196.2882,47.8587
238,56.8292,116.7992,139.3040,6.2651,0.90701,56.8292,116.7992,34.8260
239,119.8482,21.0755,29.6026,8.8583,0.52864,119.8482,21.0755,7.4007
240,69.6322,48.4960,237.1667,6.5611,0.72785,69.6322,48.4960,59.2917
241,239.3704,191.2369,162.1704,5.7817,0.59090,239.3704,191.2369,40.5426
242,87.7911,162.9363,53.2473,7.7041,0.94501,87.7911,162.9363,13.3118
243,81.1245,70.1020,177.9397,8.7508,0.34832,81.1245,70.1020,44.4849
244,73.2646,73.7956,47.3916,7.6933,0.41469,73.2646,73.7956,11.8479
245,138.1198,38.0191,173.7992,5.7720,3.58783,138.1198,38.0191,43.4498
246,110.6909,222.8407,33.0226,8.7758,0.46188,110.6909,222.8407,8.2556
247,181.9379,191.5996,211.5883,5.1718,0.51785,181.9379,191.5996,52.8971
248,195.4395,97.9316,80.1038,5.2273,3.01063,195.4395,97.9316,20.0259
249,184.1570,178.5758,213.6243,7.5580,4.00000,184.1570,178.5758,53.4061
250,6.9352,151.8961,92.5564,5.7352,0.49513,6.9352,151.8961,23.1391
251,51.7287,87.1135,23.5625,5.4951,0.80176,51.7287,87.1135,5.8906
252,229.3210,82.2386,245.4447,5.2277,1.22744,229.3210,82.2386,61.3612
253,43.5449,178.7834,151.8187,8.8575,2.82136,43.5449,178.7834,37.9547
254,31.7017,53.7294,27.0390,7.7626,0.55316,31.7017,53.7294,6.7597
255,244.3765,169.1330,178.4072,7.4165,0.86315,244.3765,169.1330,44.6018
256,170.0327,19.4261,214.6586,8.9383,1.59425,170.0327,19.4261,53.6646
257,8.5107,129.7440,233.3567,6.4587,1.29805,8.5107,129.7440,58.3392
258,125.9467,49.0731,20.9876,6.0293,0.79796,125.9467,49.0731,5.2469
259,54.2906,13.6441,140.9140,6.1533,0.92285,54.2906,13.6441,35.2285
260,163.2541,101.3119,141.1145,7.7997,0.43826,163.2541,101.3119,35.2786
261,43.9103,233.0328,191.6110,5.3764,0.86684,43.9103,233.0328,47.9028
262,226.5941,163.3490,229.3290,8.6910,0.85229,226.5941,163.3490,57.3323
263,8.5371,22.7256,34.0167,6.6668,1.14947,8.5371,22.7256,8.5042
264,91.9285,176.9565,198.6966,5.3814,0.71663,91.9285,176.9565,49.6741
265,74.4864,86.6841,72.9394,5.0520,1.32700,74.4864,86.6841,18.2348
266,189.7338,174.4446,42.2619,8.2475,1.83607,189.7338,174.4446,10.5655
267,46.3462,38.6351,238.4394,5.3997,1.09774,46.3462,38.6351,59.6098
268,92.9998,84.9931,224.2655,6.1395,1.23498,92.9998,84.9931,56.0664
269,228.3872,80.0828,35.7543,7.2519,1.03241,228.3872,80.0828,8.9386
270,90.9983,200.3219,218.8910,7.2249,1.00005,90.9983,200.3219,54.7227
271,241.2296,140.7348,72.9706,6.8903,0.64860,241.2296,140.7348,18.2427
272,16.9137,200.9871,32.3093,6.9559,1.20912,16.9137,200.9871,8.0773
273,143.7759,17.6148,26.3924,6.2350,0.94330,143.7759,17.6148,6.5981
274,25.8984,122.5358,89.5400,7.7845,3.51100,25.8984,122.5358,22.3850
275,239.6467,151.0158,162.4063,5.5607,2.57028,239.6467,151.0158,40.6016
276,176.6457,204.2176,124.0602,7.8397,1.26050,176.6457,204.2176,31.0151
277,85.7655,33.3672,167.4697,7.1334,0.63265,85.7655,33.3672,41.8674
278,73.3153,29.1012,52.6206,5.1344,0.51302,73.3153,29.1012,13.1551
279,158.6918,109.1408,30.0961,7.5549,2.04354,158.6918,109.1408,7.5240
280,92.5803,181.0277,147.0085,6.7335,1.17076,92.5803,181.0277,36.7521
281,124.8748,239.9427,189.5279,6.9663,1.33387,124.8748,239.9427,47.3820
282,123.0129,14.3435,234.2129,6.9879,0.35108,123.0129,14.3435,58.5532
283,69.0723,248.5806,180.8019,6.2767,1.74449,69.0723,248.5806,45.2005
284,21.2661,12.4022,152.2693,5.1895,1.31344,21.2661,12.4022,38.0673
285,27.2135,82.0922,9.4386,5.4071,0.51363,27.2135,82.0922,2.3597
286,235.5791,73.4944,13.2386,5.8921,0.75358,235.5791,73.4944,3.3096
287,95.7306,92.0179,133.9710,5.9707,1.17144,95.7306,92.0179,33.4927
288,78.7977,132.9213,90.1233,8.5325,1.03198,78.7977,132.9213,22.5308
289,46.7058,33.8631,128.7112,8.2871,0.83920,46.7058,33.8631,32.1778
290,198.5197,149.3867,193.3474,7.6876,0.93980,198.5197,149.3867,48.3368
291,15.4873,35.5343,16.8975,6.5708,0.85969,15.4873,35.5343,4.2244
292,126.9118,93.3196,142.6268,6.3158,1.09586,126.9118,93.3196,35.6567
293,170.7339,168.0968,84.3072,6.9224,2.41789,170.7339,168.0968,21.0768
294,148.5402,151.2624,83.3000,6.3849,0.21438,148.5402,151.2624,20.8250
295,174.8342,163.5787,39.9168,6.3213,0.86753,174.8342,163.5787,9.9792
296,222.4347,16.4947,213.4069,6.7642,1.11172,222.4347,16.4947,53.3517
297,129.7592,109.6369,9.1110,5.6527,1.19434,129.7592,109.6369,2.2778
298,228.1358,141.4732,57.5139,8.4651,0.80000,228.1358,141.4732,14.3785
299,139.6822,234.0283,113.5153,7.7410,0.34853,139.6822,234.0283,28.3788
300,40.5190,176.0399,242.6643,6.0741,1.21750,40.5190,176.0399,60.6661
301,186.6141,232.0742,24.3431,5.1134,2.81908,186.6141,232.0742,6.0858
302,174.6683,163.9727,23.1739,5.4407,0.39839,174.6683,163.9727,5.7935
303,133.5591,224.6380,217.7065,8.3377,1.67917,133.5591,224.6380,54.4266
304,131.7760,69.0313,129.4192,8.2500,0.82110,131.7760,69.0313,32.3548
305,79.1683,62.7442,157.2355,5.2175,0.96387,79.1683,62.7442,39.3089
306,22.7684,211.2644,213.7565,8.1471,0.53167,22.7684,211.2644,53.4391
307,166.3616,104.5042,44.5695,6.3691,0.81818,166.3616,104.5042,11.1424
308,28.8212,218.7465,229.7323,7.1146,2.18153,28.8212,218.7465,57.4331
309,142.8459,141.6755,243.0589,8.2865,1.41849,142.8459,141.6755,60.7647
310,25.3724,142.9907,86.5632,5.9916,2.82748,25.3724,142.9907,21.6408
311,16.5561,95.1081,219.8989,5.7514,2.02678,16.5561,95.1081,54.9747
312,171.2118,189.9065,86.5196,6.3467,1.30141,171.2118,189.9065,21.6299
313,173.5574,142.0657,9.5222,8.2866,2.84727,173.5574,142.0657,2.3806
314,247.6335,196.7980,234.6431,5.1404,1.30134,247.6335,196.7980,58.6608
315,14.4497,197.1041,116.4322,8.6092,1.64344,14.4497,197.1041,29.1081
316,10.7545,77.6585,187.7355,8.1582,0.83699,10.7545,77.6585,46.9339
317,156.4509,80.7674,82.9316,8.1721,1.04074,156.4509,80.7674,20.7329
318,113.6379,115.5076,140.3644,8.8671,0.65806,113.6379,115.5076,35.0911
319,140.6793,111.7115,206.6481,6.6380,1.81077,140.6793,111.7115,51.6620
320,230.2924,143.2207,114.3050,8.6362,0.49313,230.2924,143.2207,28.5762
321,208.6422,143.0123,175.6671,7.8210,1.59905,208.6422,143.0123,43.9168
322,169.9821,186.5803,58.6570,7.9989,0.89191,169.9821,186.5803,14.6642
323,149.1856,8.5882,213.4356,6.9935,2.01929,149.1856,8.5882,53.3589
324,39.3192,203.6472,179.9026,7.4401,1.56913,39.3192,203.6472,44.9757
325,102.3133,212.2767,107.5443,8.0332,2.98138,102.3133,212.2767,26.8861
326,8.4358,162.6878,180.2391,7.2820,1.55033,8.4358,162.6878,45.0598
327,238.9926,178.1121,245.9716,6.1123,0.38937,238.9926,178.1121,61.4929
328,226.9590,188.3264,153.8505,8.8850,0.96062,226.9590,188.3264,38.4626
329,138.5180,192.3864,133.0604,5.6887,0.49500,138.5180,192.3864,33.2651
330,35.4673,99.7764,129.4139,8.4730,0.73274,35.4673,99.7764,32.3535
331,33.8489,44.6592,209.2109,6.7293,2.47623,33.8489,44.6592,52.3027
332,19.6370,11.8975,121.6308,6.9375,1.46597,19.6370,11.8975,30.4077
333,177.7810,199.6706,62.0617,5.6575,0.65747,177.7810,199.6706,15.5154
334,45.3215,81.0047,221.0242,7.3687,0.54431,45.3215,81.0047,55.2561
335,123.2146,247.5512,35.3773,6.8838,1.01986,123.2146,247.5512,8.8443
336,214.2597,140.6179,91.0081,8.4079,0.48194,214.2597,140.6179,22.7520
337,78.2242,199.7398,127.5873,7.0769,0.66852,78.2242,199.7398,31.8968
338,157.0279,131.3879,177.9376,8.7034,1.20588,157.0279,131.3879,44.4844
339,225.0688,52.2770,241.5888,7.0157,2.00008,225.0688,52.2770,60.3972
340,213.6751,123.9406,208.0862,8.2488,1.44088,213.6751,123.9406,52.0216
341,191.2725,41.1522,81.3942,6.2271,0.25290,191.2725,41.1522,20.3485
342,85.2796,100.8351,204.9641,6.7829,1.20036,85.2796,100.8351,51.2410
343,187.3449,24.8611,192.2947,6.0267,1.04417,187.3449,24.8611,48.0737
344,101.9707,124.2492,194.3738,8.2029,1.28189,101.9707,124.2492,48.5934
345,201.4361,86.4518,201.9455,6.1704,2.63722,201.4361,86.4518,50.4864
346,17.1493,249.0872,217.8910,5.3472,0.28998,17.1493,249.0872,54.4727
347,128.2938,59.9830,233.8213,5.5201,0.70141,128.2938,59.9830,58.4553
348,40.9514,66.1482,54.5551,5.0160,1.42553,40.9514,66.1482,13.6388
349,165.7938,86.2245,155.8582,5.9031,0.38714,165.7938,86.2245,38.9645
350,152.2934,174.0805,96.1407,8.5610,2.42436,152.2934,174.0805,24.0352
351,84.4518,240.6917,157.5663,5.6390,1.24734,84.4518,240.6917,39.3916
352,220.2522,169.3018,162.1859,7.2426,1.66188,220.2522,169.3018,40.5465
353,149.4250,22.5393,205.5278,6.6627,0.70995,149.4250,22.5393,51.3820
354,201.7814,136.3288,73.8708,5.8666,1.62948,201.7814,136.3288,18.4677
355,204.9870,49.1345,18.7488,5.1208,1.89854,204.9870,49.1345,4.6872
356,92.3173,101.6667,67.8140,8.0235,1.14996,92.3173,101.6667,16.9535
357,79.9414,59.2790,82.7680,8.4367,1.15101,79.9414,59.2790,20.6920
358,83.8042,26.9142,45.2363,5.8126,1.17610,83.8042,26.9142,11.3091
359,219.3239,21.4560,58.8513,6.6682,0.59571,219.3239,21.4560,14.7128
360,220.3294,170.4820,66.5615,8.6334,0.91529,220.3294,170.4820,16.6404
361,58.5078,38.6230,99.1226,6.6792,0.91255,58.5078,38.6230,24.7807
362,94.4688,154.5307,79.2247,7.3033,1.25865,94.4688,154.5307,19.8062
363,198.1201,219.2621,85.0687,6.3834,1.82193,198.1201,219.2621,21.2672
364,109.9755,124.8568,51.4427,5.6840,0.52987,109.9755,124.8568,12.8607
365,188.3824,109.6865,79.9270,7.1702,0.92774,188.3824,109.6865,19.9818
366,12.2259,110.9530,221.3909,5.1895,2.43239,12.2259,110.9530,55.3477
367,145.9249,172.6108,21.7000,5.9763,0.64009,145.9249,172.6108,5.4250
368,87.0382,169.2944,113.1992,5.6124,0.61058,87.0382,169.2944,28.2998
369,215.5348,189.5253,245.2171,7.9368,1.12906,215.5348,189.5253,61.3043
370,211.8064,207.0916,182.7952,8.0174,1.65969,211.8064,207.0916,45.6988
371,231.2745,122.1096,160.8550,8.2072,1.00688,231.2745,122.1096,40.2138
372,237.7465,68.3423,177.8067,8.1974,2.21971,237.7465,68.3423,44.4517
373,231.8101,224.8203,145.4951,8.0277,1.67209,231.8101,224.8203,36.3738
374,48.3606,241.6903,69.3593,7.3166,1.65714,48.3606,241.6903,17.3398
375,198.4590,113.9974,59.2057,7.8989,1.39441,198.4590,113.9974,14.8014
376,214.4461,130.6083,28.6130,5.7558,4.00000,214.4461,130.6083,7.1533
377,68.4748,217.6813,82.6278,7.8681,0.88418,68.4748,217.6813,20.6570
378,27.3706,130.7951,116.0589,5.8011,0.30056,27.3706,130.7951,29.0147
379,28.6437,67.3377,21.4080,6.3077,2.61837,28.6437,67.3377,5.3520
380,130.9836,89.2550,166.5159,8.1601,0.75986,130.9836,89.2550,41.6290
381,233.1096,238.2204,171.1753,7.5226,1.06687,233.1096,238.2204,42.7938
382,230.7510,63.0216,133.8880,8.3445,2.19401,230.7510,63.0216,33.4720
383,107.8562,74.1422,12.8181,8.1134,0.38237,107.8562,74.1422,3.2045
384,82.5328,50.0144,11.7085,5.8265,0.47190,82.5328,50.0144,2.9271
385,168.3191,159.4556,233.7580,5.6298,0.38260,168.3191,159.4556,58.4395
386,144.0998,41.8781,143.2244,8.1927,0.62096,144.0998,41.8781,35.8061
387,111.1700,101.2772,110.4221,5.2464,1.30184,111.1700,101.2772,27.6055
388,172.9266,210.4272,192.9170,6.1193,1.36959,172.9266,210.4272,48.2293
389,137.1636,15.9394,181.2763,7.5110,1.18030,137.1636,15.9394,45.3191
390,73.0604,86.7440,232.3889,7.1799,0.42842,73.0604,86.7440,58.0972
391,122.2429,156.9009,107.3840,7.4974,0.25006,122.2429,156.9009,26.8460
392,77.6242,113.5504,172.5864,6.8807,1.03315,77.6242,113.5504,43.1466
393,199.8924,75.1164,172.4863,5.1598,0.75347,199.8924,75.1164,43.1216
394,183.7411,177.2941,64.7218,7.0334,1.31736,183.7411,177.2941,16.1805
395,109.6324,74.2621,95.7873,6.1332,1.52375,109.6324,74.2621,23.9468
396,153.0181,60.5293,201.2955,6.5638,1.08648,153.0181,60.5293,50.3239
397,177.6016,27.3370,120.7767,6.7501,1.57788,177.6016,27.3370,30.1942
398,170.8823,89.9005,237.5163,5.1129,1.14743,170.8823,89.9005,59.3791
399,143.4032,69.4317,156.9960,6.2965,1.37443,143.4032,69.4317,39.2490
400,96.9167,56.8073,34.6627,6.8682,0.65521,96.9167,56.8073,8.6657
401,249.2872,106.6879,6.9485,5.4795,0.89784,249.2872,106.6879,1.7371
402,178.3866,119.3908,240.2925,8.6584,1.12532,178.3866,119.3908,60.0731
403,246.6485,213.1416,232.5240,5.1573,1.63610,246.6485,213.1416,58.1310
404,41.4885,167.5161,131.8374,6.0191,0.78959,41.4885,167.5161,32.9593
405,229.8299,156.7972,82.6903,7.0927,1.36711,229.8299,156.7972,20.6726
406,39.7460,53.9094,42.1189,6.6003,0.85257,39.7460,53.9094,10.5297
407,202.6755,218.9821,139.2205,7.6740,0.93190,202.6755,218.9821,34.8051
408,130.6845,121.9524,214.7685,8.2795,1.64495,130.6845,121.9524,53.6921
409,166.4531,111.3455,60.3822,7.1794,0.30245,166.4531,111.3455,15.0955
410,91.4922,228.2652,58.6236,8.4674,0.45938,91.4922,228.2652,14.6559
411,136.7700,206.7176,41.4979,7.2402,0.41094,136.7700,206.7176,10.3745
412,135.4397,148.3839,130.4066,8.6397,0.24656,135.4397,148.3839,32.6016
413,127.2910,70.3743,89.6613,5.1441,0.66567,127.2910,70.3743,22.4153
414,53.0351,154.2645,49.8653,5.7426,1.56778,53.0351,154.2645,12.4663
415,59.2289,31.1201,217.0316,8.5269,0.84288,59.2289,31.1201,54.2579
416,109.9793,238.9179,235.3762,6.1813,1.12600,109.9793,238.9179,58.8441
417,25.2865,150.2411,244.5378,7.8597,1.92232,25.2865,150.2411,61.1345
418,34.8493,103.4041,84.3883,8.7877,2.21801,34.8493,103.4041,21.0971
419,175.3286,73.0537,90.3083,5.5189,0.95937,175.3286,73.0537,22.5771
420,127.5056,44.8401,111.4792,5.3614,2.25275,127.5056,44.8401,27.8698
421,238.2189,41.7829,133.3154,5.5734,1.05683,238.2189,41.7829,33.3288
422,147.5376,64.0888,97.2385,6.7641,0.60505,147.5376,64.0888,24.3096
423,59.8728,119.9068,247.3860,5.2873,0.70002,59.8728,119.9068,61.8465
424,64.6813,10.7046,30.2848,6.2943,0.41135,64.6813,10.7046,7.5712
425,89.4590,51.1652,179.9449,6.8128,0.58691,89.4590,51.1652,44.9862
426,126.8603,43.7138,45.9237,5.7366,0.80669,126.8603,43.7138,11.4809
427,143.8737,139.7598,67.2344,5.1720,1.61955,143.8737,139.7598,16.8086
428,28.9013,181.1884,61.1022,6.8111,2.80797,28.9013,181.1884,15.2755
429,163.9277,166.5187,123.2788,8.7876,0.43635,163.9277,166.5187,30.8197
430,41.2073,229.0549,123.3738,8.0140,1.26579,41.2073,229.0549,30.8434
431,65.4607,71.1671,95.7577,6.0392,0.53562,65.4607,71.1671,23.9394
432,235.1224,168.2748,139.2378,7.8701,1.32952,235.1224,168.2748,34.8095
433,47.3236,148.5325,37.1276,7.8146,0.92436,47.3236,148.5325,9.2819
434,102.0125,163.6839,108.5130,5.7240,0.33336,102.0125,163.6839,27.1283
435,13.7521,105.3406,164.1983,5.6993,1.74539,13.7521,105.3406,41.0496
436,45.7014,116.1956,96.7503,7.2959,0.69559,45.7014,116.1956,24.1876
437,183.4392,81.9726,137.7066,6.0968,0.72590,183.4392,81.9726,34.4266
438,137.2933,155.6893,27.0239,8.6929,0.52632,137.2933,155.6893,6.7560
439,31.2008,192.2370,209.4860,5.7125,0.67532,31.2008,192.2370,52.3715
440,59.9211,85.1263,150.0871,5.7458,1.29270,59.9211,85.1263,37.5218
441,172.6390,224.8515,79.0093,7.4872,0.89266,172.6390,224.8515,19.7523
442,142.2576,81.6475,225.2622,7.6350,1.21798,142.2576,81.6475,56.3155
443,179.5663,183.4271,229.0224,5.3819,1.24253,179.5663,183.4271,57.2556
444,85.2159,206.6090,192.9542,7.0743,2.20868,85.2159,206.6090,48.2386
445,192.2851,72.2907,149.4813,7.0013,0.81410,192.2851,72.2907,37.3703
446,219.9660,100.7331,245.9768,8.1928,0.41225,219.9660,100.7331,61.4942
447,132.5571,122.9680,200.4532,5.6103,1.89711,132.5571,122.9680,50.1133
448,182.7179,158.0213,110.8202,8.6345,0.81964,182.7179,158.0213,27.7051
449,130.2313,12.9281,128.7307,7.0413,1.95181,130.2313,12.9281,32.1827
450,177.6298,198.1280,102.0283,8.4239,1.25863,177.6298,198.1280,25.5071
451,16.1442,99.9466,121.8658,7.1159,0.92433,16.1442,99.9466,30.4664
452,14.5799,174.0708,112.2939,6.0208,1.23277,14.5799,174.0708,28.0735
453,67.8282,137.1048,113.0846,6.6627,3.22395,67.8282,137.1048,28.2712
454,116.0535,56.7654,133.7894,5.2843,3.47706,116.0535,56.7654,33.4473
455,215.0345,102.9441,161.5453,6.1209,1.04251,215.0345,102.9441,40.3863
456,11.6920,104.8045,136.8301,5.9955,1.10088,11.6920,104.8045,34.2075
457,164.3584,222.1659,181.3026,8.9434,1.90741,164.3584,222.1659,45.3257
458,27.3626,181.6949,140.5689,6.9730,0.60206,27.3626,181.6949,35.1422
459,75.7427,132.5424,37.2230,8.3435,1.22121,75.7427,132.5424,9.3057
460,51.0012,33.7904,58.1197,8.5384,0.98460,51.0012,33.7904,14.5299
461,54.2372,23.6703,115.8164,8.0043,1.20725,54.2372,23.6703,28.9541
462,176.2993,93.2652,115.7244,5.8099,0.60652,176.2993,93.2652,28.9311
463,144.4209,51.5534,171.5100,5.4539,0.38530,144.4209,51.5534,42.8775
464,243.8473,172.9195,50.5232,5.2847,0.28829,243.8473,172.9195,12.6308
465,87.6276,43.3256,59.3241,5.0564,0.51149,87.6276,43.3256,14.8310
466,25.0644,49.9653,100.4863,8.0920,0.75942,25.0644,49.9653,25.1216
467,136.7710,164.8162,195.0895,8.4726,0.83869,136.7710,164.8162,48.7724
468,122.3705,130.0873,179.7491,8.3125,3.19740,122.3705,130.0873,44.9373
469,210.9984,25.0618,15.4309,7.1230,1.94176,210.9984,25.0618,3.8577
470,237.6121,74.9008,238.3289,6.8607,0.56144,237.6121,74.9008,59.5822
471,76.6250,203.0845,172.0317,8.5507,1.23198,76.6250,203.0845,43.0079
472,109.5072,203.6908,198.3113,7.0473,0.78329,109.5072,203.6908,49.5778
473,155.8577,38.7133,223.6446,6.4215,0.84314,155.8577,38.7133,55.9111
474,28.5911,24.0308,26.3374,7.4190,1.11761,28.5911,24.0308,6.5844
475,202.0764,104.7808,114.8003,7.3596,1.44991,202.0764,104.7808,28.7001
476,135.9061,173.0005,121.2487,7.3572,0.81583,135.9061,173.0005,30.3122
477,246.5037,92.3276,11.7663,7.8554,1.89328,246.5037,92.3276,2.9416
478,132.8645,199.2256,70.3077,7.5098,0.50401,132.8645,199.2256,17.5769
479,10.0058,156.4164,231.2296,8.2790,1.00381,10.0058,156.4164,57.8074
480,212.0578,103.5064,205.0707,8.1514,4.00000,212.0578,103.5064,51.2677
481,156.4015,22.3190,56.4938,7.2033,1.14322,156.4015,22.3190,14.1234
482,144.6571,63.4330,183.9427,5.4984,2.36299,144.6571,63.4330,45.9857
483,52.7398,25.5511,165.0141,8.3293,1.05645,52.7398,25.5511,41.2535
484,223.6023,174.6596,238.1490,5.2078,1.41689,223.6023,174.6596,59.5373
485,124.6574,186.3655,65.8840,6.2555,0.96650,124.6574,186.3655,16.4710
486,166.2188,242.7538,186.6469,7.1674,0.90281,166.2188,242.7538,46.6617
487,122.0047,149.5762,42.1100,5.4725,0.62645,122.0047,149.5762,10.5275
488,76.0438,36.3111,130.8966,6.7279,1.29457,76.0438,36.3111,32.7242
489,149.9712,47.8437,182.2609,5.6625,0.59994,149.9712,47.8437,45.5652
490,61.6227,121.1438,210.5769,6.2804,1.49086,61.6227,121.1438,52.6442
491,56.4400,190.3002,132.5309,7.3280,1.91779,56.4400,190.3002,33.1327
492,46.3866,194.2215,198.9103,8.0261,1.24598,46.3866,194.2215,49.7276
493,13.6096,73.9995,120.4635,7.9864,0.84219,13.6096,73.9995,30.1159
494,69.0057,194.8252,136.4290,5.6026,1.31309,69.0057,194.8252,34.1073
495,6.6010,130.6000,80.4309,5.0559,0.83093,6.6010,130.6000,20.1077
496,81.2288,225.9810,208.7733,5.1193,1.75300,81.2288,225.9810,52.1933
497,146.2777,144.2355,207.2336,6.4880,0.33326,146.2777,144.2355,51.8084
498,78.7034,80.0103,16.8402,5.9452,0.81761,78.7034,80.0103,4.2100
499,219.2596,227.4878,33.7338,6.2588,0.30286,219.2596,227.4878,8.4334
500,99.4839,125.4426,141.1510,6.8322,0.40778,99.4839,125.4426,35.2878
501,211.4516,243.4973,165.4059,5.0810,2.26668,211.4516,243.4973,41.3515
502,86.4031,240.9650,49.7584,6.6590,1.71106,86.4031,240.9650,12.4396
503,46.7945,166.4888,247.4270,5.6052,0.64941,46.7945,166.4888,61.8568
504,226.2065,74.3995,163.8090,5.9419,0.40596,226.2065,74.3995,40.9522
505,126.9410,165.6650,136.8503,5.1620,0.16885,126.9410,165.6650,34.2126
506,207.5282,241.8188,118.1215,5.9513,0.72173,207.5282,241.8188,29.5304
507,197.3834,66.2385,215.0718,7.5437,4.00000,197.3834,66.2385,53.7680
508,133.9746,212.0092,246.9371,7.1345,1.29814,133.9746,212.0092,61.7343
509,72.4148,93.3761,122.8742,5.4288,0.71481,72.4148,93.3761,30.7185
510,213.5042,192.9474,12.5009,6.9756,1.32187,213.5042,192.9474,3.1252
511,149.4841,131.7977,219.1218,6.2856,0.39197,149.4841,131.7977,54.7804
512,34.2567,79.4729,111.2836,5.4881,0.83661,34.2567,79.4729,27.8209
513,191.5891,66.4533,27.6767,6.1942,1.06150,191.5891,66.4533,6.9192
514,193.7996,212.3766,184.1637,6.6552,0.94965,193.7996,212.3766,46.0409
515,128.7586,29.5525,167.9167,6.9259,1.60718,128.7586,29.5525,41.9792
516,247.3606,126.4086,92.7809,5.1185,1.22972,247.3606,126.4086,23.1952
517,24.1745,172.3034,7.5293,6.1350,1.49331,24.1745,172.3034,1.8823
518,68.4414,186.7190,192.3608,7.7030,0.66165,68.4414,186.7190,48.0902
519,73.3524,203.8919,45.7960,5.9705,1.71376,73.3524,203.8919,11.4490
520,188.8787,17.5132,140.8338,7.6423,2.65744,188.8787,17.5132,35.2085
521,80.9456,218.0943,47.2646,7.3035,0.55873,80.9456,218.0943,11.8162
522,65.3202,127.2271,182.4514,8.5342,0.58707,65.3202,127.2271,45.6128
523,58.0351,243.8672,112.1510,5.8109,2.22882,58.0351,243.8672,28.0377
524,87.1223,103.1090,157.8538,5.7273,0.89154,87.1223,103.1090,39.4634
525,214.2271,59.8694,32.9703,6.2873,2.32168,214.2271,59.8694,8.2426
526,211.5274,87.5872,55.1340,7.4914,0.76681,211.5274,87.5872,13.7835
527,163.9147,19.9099,89.3952,6.0851,2.39415,163.9147,19.9099,22.3488
528,121.5995,15.5094,72.5990,5.0037,1.08209,121.5995,15.5094,18.1497
529,210.7593,200.7229,38.1894,6.8548,1.16758,210.7593,200.7229,9.5474
530,107.7656,217.9348,220.8483,5.4978,2.55699,107.7656,217.9348,55.2121
531,202.8432,89.5658,218.2497,6.6341,0.80488,202.8432,89.5658,54.5624
532,166.7084,41.5219,34.0475,6.1250,0.56855,166.7084,41.5219,8.5119
533,191.3606,185.7767,249.0608,5.1862,0.76404,191.3606,185.7767,62.2652
534,76.2611,116.6826,214.0120,6.3915,1.31180,76.2611,116.6826,53.5030
535,121.2416,67.1622,182.0686,7.9144,0.39084,121.2416,67.1622,45.5172
536,133.9828,194.2216,242.6836,6.9140,1.46592,133.9828,194.2216,60.6709
537,28.0756,110.5775,47.6254,6.1878,0.72378,28.0756,110.5775,11.9063
538,72.2400,154.9482,24.9865,7.1723,1.99110,72.2400,154.9482,6.2466
539,83.8183,228.1711,90.2700,6.6401,0.23775,83.8183,228.1711,22.5675
540,227.0945,187.5448,172.0149,5.9467,0.62379,227.0945,187.5448,43.0037
541,38.1602,161.7001,57.2168,5.1981,0.36353,38.1602,161.7001,14.3042
542,54.2570,135.2449,94.9629,5.4432,0.60912,54.2570,135.2449,23.7407
543,166.4051,144.8416,58.9230,6.0900,1.16021,166.4051,144.8416,14.7307
544,162.3395,103.5321,9.8865,7.8377,0.89804,162.3395,103.5321,2.4716
545,9.2429,25.8180,111.3167,6.7863,0.85897,9.2429,25.8180,27.8292
546,73.4094,165.8380,81.4276,5.3277,0.90891,73.4094,165.8380,20.3569
547,85.0688,187.1683,41.9088,8.4721,1.12979,85.0688,187.1683,10.4772
548,210.2928,189.9633,112.8340,6.9169,0.54601,210.2928,189.9633,28.2085
549,17.9978,118.9442,204.2796,5.8349,1.52823,17.9978,118.9442,51.0699
550,106.2321,150.5546,112.8163,7.9187,1.48825,106.2321,150.5546,28.2041
551,137.7370,140.5721,179.4915,7.0024,1.25989,137.7370,140.5721,44.8729
552,167.8742,177.3356,106.5474,6.0986,1.39643,167.8742,177.3356,26.6369
553,50.6907,107.2897,197.0604,6.6087,1.19465,50.6907,107.2897,49.2651
554,150.1609,80.5053,171.1531,8.6359,3.39073,150.1609,80.5053,42.7883
555,88.0534,205.7441,26.5060,7.9606,0.94909,88.0534,205.7441,6.6265
556,40.5208,165.6674,40.2079,6.2058,0.83173,40.5208,165.6674,10.0520
557,27.5803,237.2450,119.0205,5.5013,0.63628,27.5803,237.2450,29.7551
558,77.7741,64.2806,114.0297,5.4611,0.53829,77.7741,64.2806,28.5074
559,35.2535,174.2702,102.8137,8.3818,0.47394,35.2535,174.2702,25.7034
560,63.1049,76.2032,114.3370,8.9989,0.58668,63.1049,76.2032,28.5842
561,174.4336,123.3826,60.4945,6.0749,0.95848,174.4336,123.3826,15.1236
562,50.6311,219.4521,178.7957,6.1540,1.22211,50.6311,219.4521,44.6989
563,228.3314,106.0256,101.6693,7.6717,1.03116,228.3314,106.0256,25.4173
564,73.5747,220.1765,121.7822,5.6438,0.63171,73.5747,220.1765,30.4456
565,159.7079,44.2065,95.0399,6.0036,1.71620,159.7079,44.2065,23.7600
566,159.3641,53.6468,213.3591,7.8974,1.55838,159.3641,53.6468,53.3398
567,151.1920,245.8457,135.6737,5.2134,0.90866,151.1920,245.8457,33.9184
568,150.6145,195.2603,164.9683,8.2027,0.67587,150.6145,195.2603,41.2421
569,63.0909,185.6673,65.4991,7.7645,1.38966,63.0909,185.6673,16.3748
570,63.7156,65.8166,212.7024,8.9226,1.11939,63.7156,65.8166,53.1756
571,124.6888,65.7882,63.8369,5.6363,0.41942,124.6888,65.7882,15.9592
572,96.3993,83.6666,13.6367,5.0370,0.96003,96.3993,83.6666,3.4092
573,160.1234,53.1000,229.2162,6.3312,1.17025,160.1234,53.1000,57.3041
574,191.6989,48.4272,19.1205,7.6517,0.58285,191.6989,48.4272,4.7801
575,193.8982,164.2600,176.5492,6.7583,1.12065,193.8982,164.2600,44.1373
576,152.2146,112.9801,228.7182,6.9468,0.41774,152.2146,112.9801,57.1795
577,112.4291,85.4608,150.0003,7.4368,2.22935,112.4291,85.4608,37.5001
578,7.9200,213.7288,17.4201,5.1021,2.11440,7.9200,213.7288,4.3550
579,204.9992,73.2401,139.9744,5.4811,0.85941,204.9992,73.2401,34.9936
580,79.9558,41.8170,230.4047,5.6448,1.24368,79.9558,41.8170,57.6012
581,244.2131,61.6101,125.1148,7.0229,0.23552,244.2131,61.6101,31.2787
582,108.0625,20.6709,231.6562,7.3254,0.49967,108.0625,20.6709,57.9141
583,196.3386,107.8574,233.2688,6.6544,0.83839,196.3386,107.8574,58.3172
584,106.7882,190.5613,90.2181,6.1619,0.52557,106.7882,190.5613,22.5545
585,247.2945,141.4078,173.6568,6.4574,1.53517,247.2945,141.4078,43.4142
586,12.6878,155.6448,206.6474,6.1782,3.31474,12.6878,155.6448,51.6619
587,47.3968,77.0558,130.4013,6.8022,0.49363,47.3968,77.0558,32.6003
588,50.1049,154.6139,188.1260,8.3467,0.60503,50.1049,154.6139,47.0315
589,37.3460,228.8466,151.9983,8.7442,1.15173,37.3460,228.8466,37.9996
590,21.8580,129.4624,157.1695,8.0668,2.62917,21.8580,129.4624,39.2924
591,111.4904,141.1155,140.6927,6.2273,0.48026,111.4904,141.1155,35.1732
592,61.5704,211.5268,157.6025,5.1595,1.16116,61.5704,211.5268,39.4006
593,22.0744,7.7719,85.5442,5.8693,2.98255,22.0744,7.7719,21.3861
594,117.2873,80.5666,245.5362,7.3581,0.37118,117.2873,80.5666,61.3840
595,39.4731,107.9243,163.1999,8.7581,0.46364,39.4731,107.9243,40.8000
596,180.2352,158.3330,209.3842,6.3273,0.77556,180.2352,158.3330,52.3460
597,48.6736,18.0019,52.9913,5.1874,0.73172,48.6736,18.0019,13.2478
598,129.0272,134.9077,166.5202,5.0171,1.62834,129.0272,134.9077,41.6300
599,8.3124,169.8940,20.6195,6.5396,1.15603,8.3124,169.8940,5.1549
600,153.9571,171.4813,37.5971,7.2900,0.34474,153.9571,171.4813,9.3993
601,189.1094,138.3432,69.4512,6.3780,1.36240,189.1094,138.3432,17.3628
602,47.9904,118.0954,47.9647,5.6886,0.70714,47.9904,118.0954,11.9912
603,18.7803,232.8240,23.8699,5.0789,2.14828,18.7803,232.8240,5.9675
604,116.1186,65.9537,240.6264,5.2927,0.68622,116.1186,65.9537,60.1566
605,105.4516,115.8641,98.4379,8.6439,0.68252,105.4516,115.8641,24.6095
606,200.6940,228.5830,105.2279,5.9436,1.38359,200.6940,228.5830,26.3070
607,179.1569,158.5577,51.9537,6.6201,1.58052,179.1569,158.5577,12.9884
608,130.2421,56.7151,33.1916,7.6123,1.30847,130.2421,56.7151,8.2979
609,110.3472,54.3713,164.2848,6.6916,0.36372,110.3472,54.3713,41.0712
610,45.4023,220.2966,96.5219,7.3403,1.38102,45.4023,220.2966,24.1305
611,86.0714,218.0979,229.5715,5.1990,0.53763,86.0714,218.0979,57.3929
612,245.4462,98.6182,55.4596,6.2107,1.15162,245.4462,98.6182,13.8649
613,190.6234,147.9261,245.2744,7.6727,0.42561,190.6234,147.9261,61.3186
614,70.4581,29.3713,141.0764,5.9656,1.30708,70.4581,29.3713,35.2691
615,182.0259,88.6563,11.3840,7.4534,0.61634,182.0259,88.6563,2.8460
616,247.1594,78.9092,52.4786,7.5289,0.46321,247.1594,78.9092,13.1197
617,90.9781,103.1691,18.1161,7.5528,1.53463,90.9781,103.1691,4.5290
618,105.9640,87.3291,30.1388,8.6718,1.15602,105.9640,87.3291,7.5347
619,214.9274,18.3693,43.2462,7.5367,0.69185,214.9274,18.3693,10.8115
620,206.6258,74.8070,89.7368,7.6634,2.38860,206.6258,74.8070,22.4342
621,217.8491,148.0849,78.8102,5.1694,0.76767,217.8491,148.0849,19.7026
622,95.2053,204.7916,162.8017,6.6667,1.01945,95.2053,204.7916,40.7004
623,40.9146,225.3980,221.5799,5.3091,1.17509,40.9146,225.3980,55.3950
624,42.3581,248.0192,14.5600,6.2628,0.68949,42.3581,248.0192,3.6400
625,163.9340,171.4879,69.5409,7.3893,1.32668,163.9340,171.4879,17.3852
626,60.4386,206.3859,61.0859,7.8863,0.72610,60.4386,206.3859,15.2715
627,195.5732,53.8365,65.5291,7.7868,0.78115,195.5732,53.8365,16.3823
628,29.5641,54.4731,117.4267,8.1164,2.26502,29.5641,54.4731,29.3567
629,142.6377,101.4292,241.1626,8.7207,0.53561,142.6377,101.4292,60.2906
630,112.0772,106.7690,82.8687,6.8548,0.23512,112.0772,106.7690,20.7172
631,173.3428,17.1603,171.8895,6.3028,2.62889,173.3428,17.1603,42.9724
632,99.9331,42.3245,140.7863,5.8048,4.00000,99.9331,42.3245,35.1966
633,72.8270,193.2295,87.9174,8.2725,0.78414,72.8270,193.2295,21.9794
634,183.1201,120.3725,14.3394,5.7549,0.31283,183.1201,120.3725,3.5848
635,44.7569,93.3571,100.7746,8.8398,0.83003,44.7569,93.3571,25.1937
636,196.5307,9.4199,231.8299,6.9577,0.84220,196.5307,9.4199,57.9575
637,235.6294,203.8028,230.1815,7.5840,0.89230,235.6294,203.8028,57.5454
638,93.8695,114.3455,165.8001,7.4040,0.51272,93.8695,114.3455,41.4500
639,183.7369,29.8049,207.3897,6.7077,1.41586,183.7369,29.8049,51.8474
640,235.5980,44.5158,38.1218,5.8168,1.36985,235.5980,44.5158,9.5305
641,206.9953,92.2181,137.0443,6.0822,0.40794,206.9953,92.2181,34.2611
642,32.2658,186.3337,19.8632,5.4428,1.52123,32.2658,186.3337,4.9658
643,160.2449,21.6928,236.1097,5.3865,3.42675,160.2449,21.6928,59.0274
644,172.3224,37.9208,57.6241,5.8309,1.10869,172.3224,37.9208,14.4060
645,145.5718,247.9229,14.0363,6.8038,0.81677,145.5718,247.9229,3.5091
646,218.0700,43.5406,107.1953,8.6503,0.91833,218.0700,43.5406,26.7988
647,215.0123,67.7697,240.0937,6.2937,1.44651,215.0123,67.7697,60.0234
648,12.9083,68.7963,48.5796,6.2250,0.35402,12.9083,68.7963,12.1449
649,35.0730,158.2448,217.9553,7.0273,1.10366,35.0730,158.2448,54.4888
650,33.8994,244.1323,49.8023,6.3084,0.79114,33.8994,244.1323,12.4506
651,42.0687,145.0189,114.3422,5.7710,3.03040,42.0687,145.0189,28.5856
652,110.9202,169.9929,75.1708,5.9982,0.90077,110.9202,169.9929,18.7927
653,209.9231,188.8288,79.2422,6.3870,2.72027,209.9231,188.8288,19.8105
654,96.7651,8.6783,238.4417,7.4267,0.51569,96.7651,8.6783,59.6104
655,151.5847,151.9343,140.1338,7.1985,1.42241,151.5847,151.9343,35.0335
656,77.0100,23.2862,92.0011,6.8192,1.21123,77.0100,23.2862,23.0003
657,169.1152,43.3562,231.6391,6.3315,0.59367,169.1152,43.3562,57.9098
658,31.8535,49.5698,232.3304,6.4554,1.11231,31.8535,49.5698,58.0826
659,44.5958,13.9602,128.2922,8.5170,2.06992,44.5958,13.9602,32.0731
660,211.6699,188.1567,175.2978,7.7070,0.82343,211.6699,188.1567,43.8245
661,85.6794,180.2704,180.2113,6.5383,0.36234,85.6794,180.2704,45.0528
662,110.4818,197.6071,148.2302,7.4549,0.98952,110.4818,197.6071,37.0575
663,145.0357,160.5892,229.2924,5.0377,0.58190,145.0357,160.5892,57.3231
664,145.9236,121.9821,135.6194,6.6549,0.81432,145.9236,121.9821,33.9048
665,22.0136,151.4638,111.0285,7.2262,0.95223,22.0136,151.4638,27.7571
666,20.0673,178.2604,77.2109,7.8362,0.35937,20.0673,178.2604,19.3027
667,158.3559,62.7735,113.7808,7.6068,0.37931,158.3559,62.7735,28.4452
668,153.0585,25.6552,114.4514,8.3425,1.33541,153.0585,25.6552,28.6129
669,162.2083,155.6679,9.7583,6.2471,0.73079,162.2083,155.6679,2.4396
670,184.1616,192.2637,22.5342,7.4308,0.21463,184.1616,192.2637,5.6335
671,108.9820,50.6422,108.8516,6.2146,1.60145,108.9820,50.6422,27.2129
672,33.8451,169.0655,70.2028,5.2845,1.17753,33.8451,169.0655,17.5507
673,220.9846,114.6363,150.0161,5.7309,0.65160,220.9846,114.6363,37.5040
674,77.0619,56.3689,227.3092,6.4415,0.45380,77.0619,56.3689,56.8273
675,134.9181,37.7769,57.2597,5.0616,1.65117,134.9181,37.7769,14.3149
676,70.0950,221.4386,165.4742,7.7842,1.23320,70.0950,221.4386,41.3686
677,155.3393,215.5434,95.1720,8.3291,4.00000,155.3393,215.5434,23.7930
678,131.8074,224.7510,47.7114,7.1966,1.28674,131.8074,224.7510,11.9279
679,188.9046,96.8931,215.9900,7.3122,1.26190,188.9046,96.8931,53.9975
680,23.0929,53.6847,193.6838,5.0608,0.90470,23.0929,53.6847,48.4209
681,187.1649,78.4579,38.8037,8.4224,1.63242,187.1649,78.4579,9.7009
682,33.1976,33.6673,190.1662,8.9870,1.45507,33.1976,33.6673,47.5415
683,22.9508,222.6710,201.1551,5.2574,2.11919,22.9508,222.6710,50.2888
684,163.6638,85.9504,224.2749,8.5263,0.73140,163.6638,85.9504,56.0687
685,226.8179,99.5410,180.4028,7.6721,0.77009,226.8179,99.5410,45.1007
686,50.8577,238.5250,242.0971,5.2706,0.75017,50.8577,238.5250,60.5243
687,18.5639,100.2271,189.3505,8.8697,1.60718,18.5639,100.2271,47.3376
688,185.9108,230.2183,120.8962,8.6436,2.45721,185.9108,230.2183,30.2241
689,199.7225,217.4622,66.7790,7.9851,0.75934,199.7225,217.4622,16.6947
690,61.6865,17.1134,177.8331,7.1081,0.77502,61.6865,17.1134,44.4583
691,181.6548,29.1911,246.7321,7.1959,1.20737,181.6548,29.1911,61.6830
692,119.7384,214.4064,67.4706,8.9774,0.86290,119.7384,214.4064,16.8676
693,218.2935,202.9219,202.2332,7.9503,1.77045,218.2935,202.9219,50.5583
694,194.1006,158.4986,132.7101,5.4567,0.25896,194.1006,158.4986,33.1775
695,165.7817,103.4136,107.6241,8.6290,0.60895,165.7817,103.4136,26.9060
696,190.2469,143.3906,130.0952,7.4210,0.62535,190.2469,143.3906,32.5238
697,176.8909,206.6836,23.8065,7.9076,0.24852,176.8909,206.6836,5.9516
698,180.4097,50.6582,96.2619,8.3821,0.56092,180.4097,50.6582,24.0655
699,173.3241,66.8731,134.1622,5.6337,0.57747,173.3241,66.8731,33.5406
700,139.8116,31.6296,217.2991,7.6135,0.88633,139.8116,31.6296,54.3248
701,121.6093,55.6559,98.4909,7.0505,1.94990,121.6093,55.6559,24.6227
702,232.5484,61.5471,33.2704,8.5568,0.86326,232.5484,61.5471,8.3176
703,245.6371,214.4340,14.7746,8.1414,0.53876,245.6371,214.4340,3.6937
704,17.4934,205.6254,147.6997,6.0051,0.96640,17.4934,205.6254,36.9249
705,206.7413,180.0200,38.2921,6.3285,1.87668,206.7413,180.0200,9.5730
706,161.2404,76.9463,35.7358,5.7806,0.55679,161.2404,76.9463,8.9339
707,46.8251,122.6085,154.0689,5.6199,0.57906,46.8251,122.6085,38.5172
708,197.0804,239.3724,126.1834,5.8940,1.39812,197.0804,239.3724,31.5458
709,69.6594,44.6792,211.5187,5.1681,0.87553,69.6594,44.6792,52.8797
710,241.5035,149.5373,132.3165,5.3394,1.47475,241.5035,149.5373,33.0791
711,39.8415,200.6041,119.4362,5.1093,0.99185,39.8415,200.6041,29.8591
712,70.9646,150.8728,200.0463,6.0903,1.52348,70.9646,150.8728,50.0116
713,215.6946,78.7559,119.8563,8.1087,0.53738,215.6946,78.7559,29.9641
714,205.5009,204.9847,219.5873,5.6772,0.99278,205.5009,204.9847,54.8968
715,247.9789,66.5509,81.5719,5.1837,0.88125,247.9789,66.5509,20.3930
716,71.7417,140.7443,65.0328,5.9973,0.48213,71.7417,140.7443,16.2582
717,43.7207,203.6292,17.2951,7.3773,0.39138,43.7207,203.6292,4.3238
718,20.8585,168.4988,96.1607,6.0568,1.50900,20.8585,168.4988,24.0402
719,91.4735,117.4316,117.9618,7.6082,0.81012,91.4735,117.4316,29.4904
720,111.0007,162.3683,139.2200,5.1823,0.54152,111.0007,162.3683,34.8050
721,168.9044,81.4776,9.8145,5.3011,0.94393,168.9044,81.4776,2.4536
722,100.8074,20.3180,136.4221,8.1969,1.96759,100.8074,20.3180,34.1055
723,206.4715,88.8218,168.0503,7.1569,0.25450,206.4715,88.8218,42.0126
724,17.7642,98.5930,236.4900,6.4648,0.40739,17.7642,98.5930,59.1225
725,145.0358,98.7111,147.0993,8.6318,0.57480,145.0358,98.7111,36.7748
726,189.6732,176.1966,11.8330,8.4290,2.40297,189.6732,176.1966,2.9583
727,37.2985,22.5253,45.8855,7.5044,1.18477,37.2985,22.5253,11.4714
728,185.8932,234.5447,241.7155,8.2932,1.58469,185.8932,234.5447,60.4289
729,41.0572,217.6214,208.2075,8.5731,0.50455,41.0572,217.6214,52.0519
730,96.1264,117.3215,36.8862,5.6953,0.51083,96.1264,117.3215,9.2216
731,196.1253,249.1645,134.9993,5.0224,1.30825,196.1253,249.1645,33.7498
732,111.6447,138.8076,211.7698,7.0085,1.03558,111.6447,138.8076,52.9424
733,229.6779,18.7753,9.6663,5.5459,1.38992,229.6779,18.7753,2.4166
734,203.3982,133.6915,158.5215,5.7320,0.89351,203.3982,133.6915,39.6304
735,161.1617,41.6129,140.6710,7.1501,1.18162,161.1617,41.6129,35.1677
736,211.5687,209.2491,110.9408,5.7911,1.09952,211.5687,209.2491,27.7352
737,216.2260,6.6285,20.1178,5.5272,1.59466,216.2260,6.6285,5.0295
738,173.0584,89.8373,23.4446,6.4575,1.62288,173.0584,89.8373,5.8611
739,66.4238,8.5800,136.4032,6.2714,0.37835,66.4238,8.5800,34.1008
740,76.3474,162.3186,182.7182,5.4666,0.25967,76.3474,162.3186,45.6795
741,86.6833,66.7793,238.5179,6.0538,1.82403,86.6833,66.7793,59.6295
742,200.5616,180.6187,94.2934,7.9328,2.03936,200.5616,180.6187,23.5734
743,109.2696,30.5878,116.2228,6.1321,0.54206,109.2696,30.5878,29.0557
744,7.1340,233.1368,174.1328,5.1726,0.32762,7.1340,233.1368,43.5332
745,89.9431,144.8942,221.7844,7.2474,1.06122,89.9431,144.8942,55.4461
746,110.0877,246.0321,177.7457,6.7125,1.74805,110.0877,246.0321,44.4364
747,202.6621,166.5005,55.6881,7.1113,2.94043,202.6621,166.5005,13.9220
748,209.2474,40.9804,55.0321,7.4438,1.36312,209.2474,40.9804,13.7580
749,118.2751,246.9210,129.4374,5.5949,0.80009,118.2751,246.9210,32.3594
750,17.0536,187.3039,100.0040,8.3842,0.58516,17.0536,187.3039,25.0010
751,124.4855,82.2011,116.3914,5.4537,1.00689,124.4855,82.2011,29.0979
752,15.7346,198.7583,47.2295,5.7091,0.83564,15.7346,198.7583,11.8074
753,234.4461,240.7611,156.2820,5.3647,0.54387,234.4461,240.7611,39.0705
754,208.3010,56.8461,110.9856,6.5145,3.41868,208.3010,56.8461,27.7464
755,123.6708,66.0857,221.5784,5.4430,2.91859,123.6708,66.0857,55.3946
756,118.5697,60.0577,150.8463,5.1123,1.97710,118.5697,60.0577,37.7116
757,14.7310,183.3773,57.3402,5.1033,0.57550,14.7310,183.3773,14.3350
758,101.2864,28.0276,209.8986,6.0737,1.67031,101.2864,28.0276,52.4746
759,129.1174,240.2255,88.3618,7.2429,1.46782,129.1174,240.2255,22.0904
760,180.0383,229.5071,224.5976,8.5631,1.30412,180.0383,229.5071,56.1494
761,174.9786,212.8143,91.3598,5.3555,2.11657,174.9786,212.8143,22.8399
762,46.2008,210.4482,235.7303,7.8377,1.46407,46.2008,210.4482,58.9326
763,174.5793,129.4157,135.6474,5.6108,1.55894,174.5793,129.4157,33.9118
764,125.3163,151.9126,63.8608,7.8260,1.46542,125.3163,151.9126,15.9652
765,216.0127,33.9974,151.5129,6.5140,1.22688,216.0127,33.9974,37.8782
766,212.0448,147.1702,104.4868,5.7371,0.34295,212.0448,147.1702,26.1217
767,187.1658,98.9418,110.5640,6.8780,1.05145,187.1658,98.9418,27.6410
768,236.6275,182.2416,126.7693,7.5517,0.71626,236.6275,182.2416,31.6923
769,218.8635,21.1106,240.8345,7.8082,0.46398,218.8635,21.1106,60.2086
770,152.5657,190.9161,199.2276,5.5334,2.74310,152.5657,190.9161,49.8069
771,7.4151,133.9698,54.0096,5.8307,2.82186,7.4151,133.9698,13.5024
772,238.1021,58.6238,163.5158,7.8970,2.26038,238.1021,58.6238,40.8790
773,219.6256,174.2705,89.5200,5.8116,1.16547,219.6256,174.2705,22.3800
774,213.5661,146.1151,126.7674,6.2568,2.24875,213.5661,146.1151,31.6919
775,208.0042,202.0442,63.0482,8.6435,1.00726,208.0042,202.0442,15.7620
776,174.1507,120.3871,172.6009,5.6125,1.12939,174.1507,120.3871,43.1502
777,79.3020,76.7651,125.8187,8.0425,0.51888,79.3020,76.7651,31.4547
778,168.4539,187.6623,121.2387,6.0942,1.26896,168.4539,187.6623,30.3097
779,104.6534,153.4157,244.5840,8.4650,1.03690,104.6534,153.4157,61.1460
780,67.0804,91.3482,189.9267,6.6945,0.45768,67.0804,91.3482,47.4817
781,71.5804,166.9034,210.4251,8.9644,0.96975,71.5804,166.9034,52.6063
782,212.4360,9.6141,113.9169,5.6419,0.95329,212.4360,9.6141,28.4792
783,147.1321,219.1134,193.8967,6.3080,2.94037,147.1321,219.1134,48.4742
784,235.8967,17.5296,149.6281,5.1629,1.71006,235.8967,17.5296,37.4070
785,44.5880,120.7285,183.1283,8.0084,1.00689,44.5880,120.7285,45.7821
786,58.8952,81.1877,239.9865,7.6050,1.16099,58.8952,81.1877,59.9966
787,18.4827,60.5852,90.1197,6.7947,1.02688,18.4827,60.5852,22.5299
788,81.4344,16.2275,131.0495,8.9980,0.88537,81.4344,16.2275,32.7624
789,115.5004,48.0126,36.1513,5.2027,0.52233,115.5004,48.0126,9.0378
790,129.3535,186.1188,221.8802,7.3483,0.91335,129.3535,186.1188,55.4701
791,230.3753,132.3545,69.6316,5.9867,0.63912,230.3753,132.3545,17.4079
792,215.8779,65.2111,210.1681,6.1199,0.47228,215.8779,65.2111,52.5420
793,45.2360,99.0350,214.1671,5.3142,1.35898,45.2360,99.0350,53.5418
794,219.1727,62.3671,116.4670,5.5783,1.26460,219.1727,62.3671,29.1167
795,239.5726,237.4199,204.3156,8.0305,0.34231,239.5726,237.4199,51.0789
796,187.6367,50.9937,122.9815,7.4070,0.92903,187.6367,50.9937,30.7454
797,69.0235,174.2929,112.3594,7.0548,1.81743,69.0235,174.2929,28.0899
798,29.6463,102.3739,11.2840,6.0695,1.88803,29.6463,102.3739,2.8210
799,72.5027,45.3178,184.4344,5.4576,1.85059,72.5027,45.3178,46.1086
800,7.7877,110.5686,10.1245,6.0934,1.02362,7.7877,110.5686,2.5311
801,198.0559,100.8326,14.4576,7.8098,0.60228,198.0559,100.8326,3.6144
802,23.9092,12.6510,229.3270,5.3998,0.52193,23.9092,12.6510,57.3317
803,166.8005,246.1547,168.9239,6.2455,1.22969,166.8005,246.1547,42.2310
804,41.7061,210.8278,69.9699,8.5341,1.25554,41.7061,210.8278,17.4925
805,172.0276,40.7391,112.5321,6.7403,2.16495,172.0276,40.7391,28.1330
806,150.2178,204.8698,62.3060,8.5508,1.93477,150.2178,204.8698,15.5765
807,242.5437,37.7464,118.0773,7.4920,0.92373,242.5437,37.7464,29.5193
808,201.2893,138.2185,212.7593,7.3118,0.47401,201.2893,138.2185,53.1898
809,197.9762,87.7848,151.5804,7.3874,0.82575,197.9762,87.7848,37.8951
810,22.0629,9.4886,30.3200,6.4485,1.13921,22.0629,9.4886,7.5800
811,113.4030,28.9288,198.7151,8.6399,0.88581,113.4030,28.9288,49.6788
812,91.5104,147.9890,119.4942,6.5676,0.70699,91.5104,147.9890,29.8736
813,131.8709,100.8796,103.1851,8.9084,1.16385,131.8709,100.8796,25.7963
814,93.2345,181.4121,99.4049,7.1918,0.73906,93.2345,181.4121,24.8512
815,156.1820,22.1962,165.4292,6.5366,0.68603,156.1820,22.1962,41.3573
816,116.7281,180.6120,189.9711,7.0199,1.20547,116.7281,180.6120,47.4928
817,141.5091,45.0966,105.5105,5.7602,0.78569,141.5091,45.0966,26.3776
818,126.3463,99.2599,219.8877,7.6560,1.15773,126.3463,99.2599,54.9719
819,49.0700,77.0839,89.5137,8.1523,1.17812,49.0700,77.0839,22.3784
820,128.4388,53.1720,160.6278,5.4233,0.50477,128.4388,53.1720,40.1569
821,11.8205,214.5295,156.7370,7.2333,0.74920,11.8205,214.5295,39.1842
822,104.5491,48.2382,23.1028,8.8950,2.36947,104.5491,48.2382,5.7757
823,243.4846,222.5595,176.2849,7.5447,0.49795,243.4846,222.5595,44.0712
824,180.6042,90.0512,151.8951,8.9624,0.28083,180.6042,90.0512,37.9738
825,60.2681,107.9324,55.4340,5.3191,0.32723,60.2681,107.9324,13.8585
826,245.1454,97.4929,177.4559,8.8140,1.01762,245.1454,97.4929,44.3640
827,41.2162,88.7421,63.8125,6.6311,1.01872,41.2162,88.7421,15.9531
828,171.3400,144.1077,113.1284,7.2539,0.93187,171.3400,144.1077,28.2821
829,62.0165,128.0163,13.6844,6.4006,2.07200,62.0165,128.0163,3.4211
830,170.9338,33.5544,22.4933,6.3130,0.20115,170.9338,33.5544,5.6233
831,103.5904,200.0706,232.4223,7.6087,1.26815,103.5904,200.0706,58.1056
832,157.2373,85.4096,23.7478,7.5128,2.55196,157.2373,85.4096,5.9370
833,152.8420,237.1340,93.8685,5.0554,0.50831,152.8420,237.1340,23.4671
834,186.2629,201.2454,243.7253,8.2684,0.79622,186.2629,201.2454,60.9313
835,187.5582,152.7749,168.1580,6.4813,0.63652,187.5582,152.7749,42.0395
836,109.0158,130.0726,88.5108,8.1640,0.58473,109.0158,130.0726,22.1277
837,66.9366,180.6898,145.4561,8.8990,0.82221,66.9366,180.6898,36.3640
838,162.3232,177.2940,224.6926,7.7875,2.35488,162.3232,177.2940,56.1731
839,24.5031,73.1145,177.8668,7.2539,3.01148,24.5031,73.1145,44.4667
840,139.6548,151.1839,99.8255,6.9763,0.81745,139.6548,151.1839,24.9564
841,181.1586,178.9623,179.2027,8.0956,3.13628,181.1586,178.9623,44.8007
842,150.5964,238.6387,37.7955,8.5614,1.02158,150.5964,238.6387,9.4489
843,197.3426,177.7367,241.6526,5.7870,2.86399,197.3426,177.7367,60.4132
844,151.3580,21.5509,9.7551,7.5168,0.94556,151.3580,21.5509,2.4388
845,37.3898,68.9792,227.1090,5.2311,1.08181,37.3898,68.9792,56.7773
846,25.7634,242.2625,9.4322,7.1132,1.24519,25.7634,242.2625,2.3581
847,66.8602,239.3965,99.7767,7.8726,4.00000,66.8602,239.3965,24.9442
848,12.6756,141.0115,246.6515,5.1091,1.66658,12.6756,141.0115,61.6629
849,220.1469,229.5670,166.1365,7.9541,0.65419,220.1469,229.5670,41.5341
850,27.4673,63.0373,239.9880,5.7896,1.78854,27.4673,63.0373,59.9970
851,243.9183,60.6286,96.3762,6.1668,0.80485,243.9183,60.6286,24.0940
852,148.4070,105.3243,47.9809,5.5614,0.74539,148.4070,105.3243,11.9952
853,167.4071,60.5615,81.1863,7.8312,1.72489,167.4071,60.5615,20.2966
854,197.9807,58.7522,159.4603,8.3556,1.01883,197.9807,58.7522,39.8651
855,64.0338,9.8141,89.2595,6.3417,1.18193,64.0338,9.8141,22.3149
856,145.3968,22.0984,72.4770,6.0245,1.00843,145.3968,22.0984,18.1192
857,201.8983,186.4722,213.1704,7.3142,1.22379,201.8983,186.4722,53.2926
858,145.0021,199.6512,231.7866,6.7972,1.29044,145.0021,199.6512,57.9466
859,227.7616,86.6843,71.0373,8.8922,0.31280,227.7616,86.6843,17.7593
860,199.0512,237.4628,39.3394,6.9708,1.49174,199.0512,237.4628,9.8348
861,8.7362,244.3313,153.6944,6.3756,0.55476,8.7362,244.3313,38.4236
862,74.4270,55.4808,59.8181,7.8624,0.42089,74.4270,55.4808,14.9545
863,12.9588,84.0587,53.0728,5.4203,0.96556,12.9588,84.0587,13.2682
864,123.7125,210.8097,144.5004,7.5039,1.05168,123.7125,210.8097,36.1251
865,139.0822,14.6254,142.8200,8.3067,0.65961,139.0822,14.6254,35.7050
866,214.8153,228.8826,12.5057,6.4312,1.64645,214.8153,228.8826,3.1264
867,154.7774,185.2453,180.2038,7.6270,0.44695,154.7774,185.2453,45.0510
868,96.0828,71.5191,207.7665,5.7489,0.78336,96.0828,71.5191,51.9416
869,227.2568,162.8207,117.3676,5.3169,0.70404,227.2568,162.8207,29.3419
870,101.8948,232.8522,184.2249,5.1474,0.97243,101.8948,232.8522,46.0562
871,240.8955,110.8160,74.1611,6.3971,1.18213,240.8955,110.8160,18.5403
872,219.3523,20.2995,83.0588,6.1402,0.54622,219.3523,20.2995,20.7647
873,89.6026,122.4231,71.5053,7.1473,1.54430,89.6026,122.4231,17.8763
874,15.4744,44.8220,238.0476,5.5203,1.03852,15.4744,44.8220,59.5119
875,125.3571,100.3075,177.8951,7.3016,0.32137,125.3571,100.3075,44.4738
876,73.6287,165.8639,122.9154,5.5650,0.30877,73.6287,165.8639,30.7288
877,110.4640,92.6717,94.0383,8.8289,0.99264,110.4640,92.6717,23.5096
878,70.0669,10.3394,59.2354,5.8969,0.87583,70.0669,10.3394,14.8088
879,248.6887,193.0308,137.0185,6.2777,0.93983,248.6887,193.0308,34.2546
880,84.7627,131.7176,138.1825,6.0191,0.98335,84.7627,131.7176,34.5456
881,240.0433,146.4397,149.7449,5.0547,1.14492,240.0433,146.4397,37.4362
882,165.8463,208.2813,57.6852,7.3800,1.76578,165.8463,208.2813,14.4213
883,247.4711,45.9170,152.0998,5.7469,0.51342,247.4711,45.9170,38.0249
884,8.8842,112.0030,28.2833,5.5368,0.49501,8.8842,112.0030,7.0708
885,61.3839,228.3970,219.6459,6.4310,0.51893,61.3839,228.3970,54.9115
886,237.0204,137.2045,183.2885,7.4127,1.18928,237.0204,137.2045,45.8221
887,57.9291,49.9763,196.6305,5.0139,2.11059,57.9291,49.9763,49.1576
888,100.9183,133.1379,123.2280,6.8434,0.77197,100.9183,133.1379,30.8070
889,109.7574,226.7373,128.6998,6.0983,0.22290,109.7574,226.7373,32.1750
890,237.0058,249.9078,191.9388,5.0866,0.35973,237.0058,249.9078,47.9847
891,224.9976,187.2705,87.2128,5.4325,0.60664,224.9976,187.2705,21.8032
892,166.8193,13.7808,128.3698,7.0091,0.71560,166.8193,13.7808,32.0924
893,238.5936,210.9298,156.9354,7.9423,0.78268,238.5936,210.9298,39.2339
894,152.6958,138.8126,22.5419,7.3346,1.02342,152.6958,138.8126,5.6355
895,179.5776,130.9755,216.3055,7.7932,0.82940,179.5776,130.9755,54.0764
896,95.2290,13.3892,22.8069,7.6897,1.87687,95.2290,13.3892,5.7017
897,195.9286,193.6946,99.6527,5.9208,0.66657,195.9286,193.6946,24.9132
898,33.5982,27.8289,101.6221,5.6895,0.59607,33.5982,27.8289,25.4055
899,163.7557,242.7140,140.2364,6.5342,1.33286,163.7557,242.7140,35.0591
900,10.5325,95.5704,69.1375,5.1122,0.39797,10.5325,95.5704,17.2844
901,97.0081,225.5715,205.2418,6.7575,1.26341,97.0081,225.5715,51.3104
902,130.9797,145.4409,221.8171,8.9381,1.06346,130.9797,145.4409,55.4543
903,193.7835,25.3336,86.1226,8.9425,0.91533,193.7835,25.3336,21.5306
904,104.7123,202.3532,78.3675,6.6611,2.59339,104.7123,202.3532,19.5919
905,237.0406,225.8850,18.1391,5.2209,0.68844,237.0406,225.8850,4.5348
906,145.1683,97.9620,17.1071,8.7969,3.44243,145.1683,97.9620,4.2768
907,246.0170,49.7599,232.4429,7.0468,0.87349,246.0170,49.7599,58.1107
908,225.2306,239.7431,245.4175,8.8546,0.46477,225.2306,239.7431,61.3544
909,116.4701,211.6997,14.3600,7.6792,1.04284,116.4701,211.6997,3.5900
910,15.1199,109.6294,105.9087,6.4745,0.52427,15.1199,109.6294,26.4772
911,66.8013,148.3787,83.8639,5.8992,0.63696,66.8013,148.3787,20.9660
912,140.5991,162.1193,110.5984,7.1130,1.26899,140.5991,162.1193,27.6496
913,112.4438,194.6707,110.3365,7.6645,1.39563,112.4438,194.6707,27.5841
914,35.9636,71.6279,152.0925,6.5727,0.68846,35.9636,71.6279,38.0231
915,206.2693,102.9876,185.7293,5.9637,1.80840,206.2693,102.9876,46.4323
916,204.0047,226.7429,196.9236,6.8314,2.00272,204.0047,226.7429,49.2309
917,137.9205,162.6121,77.2198,7.3311,2.36737,137.9205,162.6121,19.3049
918,212.7533,72.7129,223.6714,8.2474,1.37389,212.7533,72.7129,55.9179
919,90.9136,143.9517,91.7853,5.1119,2.26609,90.9136,143.9517,22.9463
920,183.5169,98.1063,244.5557,5.0155,0.32352,183.5169,98.1063,61.1389
921,179.5356,128.1375,49.7691,5.9562,0.82634,179.5356,128.1375,12.4423
922,195.0296,89.7011,234.1565,7.7444,0.59440,195.0296,89.7011,58.5391
923,198.3468,42.3522,201.7581,5.8274,1.07416,198.3468,42.3522,50.4395
924,241.2921,173.1046,28.5979,5.7429,0.70973,241.2921,173.1046,7.1495
925,129.7376,76.3446,59.0899,6.1067,0.90511,129.7376,76.3446,14.7725
926,139.2034,208.9904,147.3654,7.8127,3.09351,139.2034,208.9904,36.8414
927,12.0117,52.1341,149.3295,6.8564,0.90318,12.0117,52.1341,37.3324
928,16.7477,19.1092,71.0853,7.7769,1.28181,16.7477,19.1092,17.7713
929,239.8805,234.6232,74.1103,8.1089,0.86991,239.8805,234.6232,18.5276
930,99.7013,165.8485,148.4147,5.5988,1.04648,99.7013,165.8485,37.1037
931,156.8113,207.7529,130.1884,5.7504,1.00362,156.8113,207.7529,32.5471
932,222.9191,241.8568,219.2139,8.4935,1.30865,222.9191,241.8568,54.8035
933,51.6242,113.5444,7.9271,5.7751,2.01211,51.6242,113.5444,1.9818
934,164.7672,154.9784,219.5654,8.6173,2.68703,164.7672,154.9784,54.8913
935,174.2335,178.8410,45.9316,6.0378,1.20415,174.2335,178.8410,11.4829
936,22.6151,89.8542,41.5400,8.4559,1.42437,22.6151,89.8542,10.3850
937,138.8443,203.1717,209.0696,7.8095,0.50132,138.8443,203.1717,52.2674
938,100.8722,183.1106,238.9555,6.9484,0.94864,100.8722,183.1106,59.7389
939,7.5410,216.3922,110.9646,6.2773,1.75799,7.5410,216.3922,27.7412
940,28.0139,208.9279,48.8600,6.9684,1.68132,28.0139,208.9279,12.2150
941,209.9070,117.8377,231.7848,6.6425,1.13538,209.9070,117.8377,57.9462
942,37.5760,106.8673,37.1181,5.6264,1.70206,37.5760,106.8673,9.2795
943,110.1240,135.9373,63.5500,8.9217,1.34240,110.1240,135.9373,15.8875
944,244.5238,125.2803,9.9178,6.7965,2.05481,244.5238,125.2803,2.4795
945,243.8147,246.3836,57.9220,5.9701,1.18960,243.8147,246.3836,14.4805
946,88.8815,22.2389,70.7416,5.4082,0.80782,88.8815,22.2389,17.6854
947,116.5199,231.4730,55.8418,7.1160,1.22324,116.5199,231.4730,13.9604
948,178.3873,55.0819,234.3381,7.3150,0.17233,178.3873,55.0819,58.5845
949,108.5572,175.8719,154.2336,6.4247,1.25826,108.5572,175.8719,38.5584
950,164.0098,224.8718,200.2119,6.7605,0.11202,164.0098,224.8718,50.0530
951,70.6447,108.8659,140.7770,8.2970,0.35555,70.6447,108.8659,35.1942
952,193.7339,84.9875,75.0303,5.1768,1.31136,193.7339,84.9875,18.7576
953,75.5939,88.8116,153.3598,6.0372,1.33178,75.5939,88.8116,38.3399
954,131.1193,133.0016,146.0344,5.3709,0.49785,131.1193,133.0016,36.5086
955,157.3570,240.2108,215.9790,8.5426,0.65229,157.3570,240.2108,53.9948
956,65.2934,90.3916,101.7159,5.8590,2.27578,65.2934,90.3916,25.4290
957,172.8913,241.6128,56.9892,7.6881,0.74795,172.8913,241.6128,14.2473
958,137.4574,102.1214,69.2602,7.2867,3.84107,137.4574,102.1214,17.3150
959,115.3878,55.9658,12.1761,5.8513,0.99885,115.3878,55.9658,3.0440
960,103.3570,88.2405,161.1182,6.4825,1.27739,103.3570,88.2405,40.2795
961,222.1569,34.7904,229.7271,7.4314,2.63827,222.1569,34.7904,57.4318
962,244.8915,95.9875,232.9021,8.8319,1.08179,244.8915,95.9875,58.2255
963,172.5748,56.9173,191.3319,8.3335,0.54804,172.5748,56.9173,47.8330
964,190.7973,144.3105,95.7439,5.9980,0.93628,190.7973,144.3105,23.9360
965,124.9891,45.2582,242.5194,6.3972,0.97886,124.9891,45.2582,60.6299
966,102.4821,129.0004,33.6638,7.3728,0.44094,102.4821,129.0004,8.4160
967,104.0014,228.6885,91.4454,5.6707,0.85770,104.0014,228.6885,22.8614
968,173.8955,107.2807,170.3576,5.0344,0.64062,173.8955,107.2807,42.5894
969,7.6931,90.4026,177.5143,6.1109,1.74127,7.6931,90.4026,44.3786
970,56.6804,139.4129,229.1408,6.2332,1.02098,56.6804,139.4129,57.2852
971,23.3626,233.1105,215.9345,7.1767,0.84394,23.3626,233.1105,53.9836
972,176.3043,144.4804,201.0149,5.8568,0.93828,176.3043,144.4804,50.2537
973,53.9652,161.5897,27.1855,6.9026,1.14325,53.9652,161.5897,6.7964
974,103.7529,184.7747,46.2382,5.4381,1.44786,103.7529,184.7747,11.5596
975,169.1499,93.2277,207.4991,7.2661,0.54891,169.1499,93.2277,51.8748
976,158.4679,41.8401,13.5991,7.0426,0.53529,158.4679,41.8401,3.3998
977,224.1465,45.5201,48.2215,5.4621,1.94023,224.1465,45.5201,12.0554
978,23.3146,137.5548,139.2824,7.8056,0.78083,23.3146,137.5548,34.8206
979,197.4897,64.2676,239.1905,7.2059,0.42737,197.4897,64.2676,59.7976
980,10.2592,14.3878,219.4493,7.3696,1.30511,10.2592,14.3878,54.8623
981,231.9626,50.1042,190.7617,8.1944,1.32052,231.9626,50.1042,47.6904
982,111.8897,171.8999,33.0101,5.0882,0.39915,111.8897,171.8999,8.2525
983,56.6313,28.5425,234.8111,8.8964,1.14762,56.6313,28.5425,58.7028
984,165.8181,210.0569,164.5883,7.6221,1.55480,165.8181,210.0569,41.1471
985,75.1011,62.5999,199.5740,5.1022,1.25186,75.1011,62.5999,49.8935
986,75.1854,202.6952,12.4170,6.7972,1.46110,75.1854,202.6952,3.1043
987,232.8755,24.4030,199.0068,8.3527,0.43061,232.8755,24.4030,49.7517
988,152.9013,134.3366,47.3415,8.5504,1.21972,152.9013,134.3366,11.8354
989,144.7577,65.2036,235.9035,6.1175,0.83396,144.7577,65.2036,58.9759
990,140.2527,32.2978,156.5167,5.6512,0.74851,140.2527,32.2978,39.1292
991,240.7351,107.6073,40.2941,6.4627,1.68596,240.7351,107.6073,10.0735
992,204.1507,174.2456,187.0500,8.3360,2.42921,204.1507,174.2456,46.7625
993,82.6600,243.6713,89.4338,5.0299,2.93475,82.6600,243.6713,22.3585
994,197.5354,43.5394,170.3429,7.8408,2.20094,197.5354,43.5394,42.5857
995,223.9554,117.2093,174.8395,6.4717,0.93628,223.9554,117.2093,43.7099
996,26.3299,193.5737,166.4928,6.8260,1.23569,26.3299,193.5737,41.6232
997,79.0271,246.8487,167.5093,5.2024,1.58422,79.0271,246.8487,41.8773
998,34.2854,160.5839,145.3126,5.2792,1.07542,34.2854,160.5839,36.3282
999,51.2084,182.0439,232.0142,7.7440,1.08162,51.2084,182.0439,58.0036
1000,55.3169,170.9454,90.4665,7.4042,1.63927,55.3169,170.9454,22.6166
1001,79.8486,226.8028,106.3530,5.1972,0.96506,79.8486,226.8028,26.5883
1002,130.0530,132.0252,10.6954,8.4587,0.64560,130.0530,132.0252,2.6738
1003,34.3055,122.9229,70.7389,7.5484,0.77983,34.3055,122.9229,17.6847
1004,136.9305,11.0534,76.1146,6.5695,1.46279,136.9305,11.0534,19.0287
1005,23.5094,85.3619,85.8406,8.9584,1.00180,23.5094,85.3619,21.4602
1006,172.5257,67.2151,118.4263,6.5175,1.22645,172.5257,67.2151,29.6066
1007,85.5632,235.1853,242.5655,7.5795,1.49488,85.5632,235.1853,60.6414
1008,90.0416,57.0248,51.8765,5.4787,0.79859,90.0416,57.0248,12.9691
1009,246.9823,230.4329,25.4646,6.1145,1.57420,246.9823,230.4329,6.3662
1010,37.6128,183.5353,195.2896,5.7291,1.25521,37.6128,183.5353,48.8224
1011,196.2995,68.8460,14.2680,5.5097,0.47669,196.2995,68.8460,3.5670
1012,129.4223,86.8430,12.0141,8.3009,2.37592,129.4223,86.8430,3.0035
1013,199.3174,125.4911,42.6312,5.1413,0.74049,199.3174,125.4911,10.6578
1014,47.2944,34.6534,74.0607,6.4340,0.37044,47.2944,34.6534,18.5152
1015,58.5164,90.5430,122.7122,7.1980,0.53418,58.5164,90.5430,30.6780
1016,180.7747,39.0593,197.2192,6.4007,0.54193,180.7747,39.0593,49.3048
1017,9.8023,15.2360,55.3342,7.8627,1.03180,9.8023,15.2360,13.8335
1018,135.6336,15.8757,201.7097,5.2245,0.84848,135.6336,15.8757,50.4274
1019,182.7219,188.1827,129.6237,6.9718,0.81701,182.7219,188.1827,32.4059
1020,196.7664,161.6728,9.3930,6.3406,1.45037,196.7664,161.6728,2.3482
1021,101.9213,53.5080,151.1847,5.6643,1.22621,101.9213,53.5080,37.7962
1022,31.3595,242.0178,171.6199,5.3163,1.20880,31.3595,242.0178,42.9050
1023,215.0535,65.5869,150.8020,8.1923,1.27877,215.0535,65.5869,37.7005
1024,13.8643,197.1308,226.1092,7.1993,1.44727,13.8643,197.1308,56.5273
1025,101.6861,27.8139,163.4675,7.2720,0.28230,101.6861,27.8139,40.8669
1026,50.4071,174.3052,51.5650,7.9248,0.80359,50.4071,174.3052,12.8913
1027,139.2680,52.4627,219.4072,7.3899,0.27033,139.2680,52.4627,54.8518
1028,213.0926,151.1170,23.8234,6.5497,1.02187,213.0926,151.1170,5.9558
1029,29.5910,105.4711,104.8240,6.8919,0.99722,29.5910,105.4711,26.2060
1030,139.8103,217.4964,12.4801,7.5934,1.87258,139.8103,217.4964,3.1200
1031,96.1694,128.1746,157.2108,5.9385,2.03925,96.1694,128.1746,39.3027
1032,201.1443,236.3470,61.3217,8.8462,1.12938,201.1443,236.3470,15.3304
1033,23.2286,192.4159,197.4980,5.4687,0.74066,23.2286,192.4159,49.3745
1034,9.1847,156.2910,66.8131,7.6022,1.33789,9.1847,156.2910,16.7033
1035,78.8324,25.2657,13.9345,5.2261,0.72851,78.8324,25.2657,3.4836
1036,179.3218,157.6072,135.6894,8.6754,0.99916,179.3218,157.6072,33.9223
1037,75.8703,241.4747,16.5862,7.9943,1.80702,75.8703,241.4747,4.1466
1038,110.6894,232.4811,209.0305,6.4617,0.71558,110.6894,232.4811,52.2576
1039,241.6499,162.1877,217.7854,6.8564,1.62159,241.6499,162.1877,54.4464
1040,125.3290,14.1767,9.1335,5.9842,1.50146,125.3290,14.1767,2.2834
1041,190.5732,206.4129,13.6650,7.0960,0.56390,190.5732,206.4129,3.4162
1042,70.7366,105.7662,247.8558,5.2621,1.79380,70.7366,105.7662,61.9640
1043,29.0552,147.5370,229.0729,6.5719,1.52065,29.0552,147.5370,57.2682
1044,94.1915,151.0023,169.9897,7.4125,1.06306,94.1915,151.0023,42.4974
1045,59.5500,84.9869,167.5503,6.3883,0.63293,59.5500,84.9869,41.8876
1046,167.0171,137.9876,39.3408,6.6980,0.59719,167.0171,137.9876,9.8352
1047,60.7896,152.2104,118.7047,5.8905,0.72427,60.7896,152.2104,29.6762
1048,244.6802,95.4207,127.4378,6.5261,1.38480,244.6802,95.4207,31.8595
1049,112.0658,211.0220,45.1958,6.8981,0.56362,112.0658,211.0220,11.2990
1050,14.5381,174.7694,127.0407,7.3492,1.30019,14.5381,174.7694,31.7602
1051,62.3895,105.5139,85.5402,5.4302,0.47471,62.3895,105.5139,21.3851
1052,155.0184,37.5972,46.7306,6.5891,0.88476,155.0184,37.5972,11.6827
1053,225.7205,248.7630,124.9880,5.6407,1.06800,225.7205,248.7630,31.2470
1054,193.6258,16.6683,110.4825,6.9815,4.00000,193.6258,16.6683,27.6206
1055,103.9052,245.6661,189.6840,5.3993,0.43763,103.9052,245.6661,47.4210
1056,246.0553,193.2999,194.8683,8.3031,2.41865,246.0553,193.2999,48.7171
1057,196.6369,237.9689,79.1977,7.7331,1.09407,196.6369,237.9689,19.7994
1058,102.4139,111.3963,242.8060,8.6000,1.27980,102.4139,111.3963,60.7015
1059,120.7891,212.0884,225.0895,7.8578,1.07359,120.7891,212.0884,56.2724
1060,164.0213,32.1644,196.1336,8.7362,1.30583,164.0213,32.1644,49.0334
1061,66.5004,144.8701,10.6970,6.4736,0.91191,66.5004,144.8701,2.6743
1062,195.4630,129.7064,90.7005,5.0910,2.39272,195.4630,129.7064,22.6751
1063,125.8921,230.9938,122.7838,6.6755,0.76042,125.8921,230.9938,30.6959
1064,159.5845,212.1077,140.8900,5.0517,1.97258,159.5845,212.1077,35.2225
1065,186.4829,169.0812,143.7581,5.8447,0.67935,186.4829,169.0812,35.9395
1066,234.6617,67.8401,200.6128,6.3915,0.96449,234.6617,67.8401,50.1532
1067,55.6834,157.2657,141.6036,5.9424,0.52562,55.6834,157.2657,35.4009
1068,95.1169,243.5908,139.4971,5.3297,1.31392,95.1169,243.5908,34.8743
1069,150.1994,112.4846,67.2162,5.2930,2.37994,150.1994,112.4846,16.8041
1070,16.1058,130.6286,29.0143,7.5101,0.95465,16.1058,130.6286,7.2536
1071,130.1455,28.1292,203.6202,7.2950,0.88858,130.1455,28.1292,50.9050
1072,138.0351,161.6337,239.8321,6.0493,0.51234,138.0351,161.6337,59.9580
1073,170.1871,176.0122,134.0635,6.1002,0.87147,170.1871,176.0122,33.5159
1074,41.9404,11.4068,94.7735,5.4124,0.38455,41.9404,11.4068,23.6934
1075,20.4867,158.4468,165.2149,5.5607,0.57826,20.4867,158.4468,41.3037
1076,67.0983,202.4427,26.3571,7.2268,1.14576,67.0983,202.4427,6.5893
1077,60.9255,207.0703,203.4065,5.2541,2.20650,60.9255,207.0703,50.8516
1078,86.7566,134.6521,192.8290,8.4165,4.00000,86.7566,134.6521,48.2072
1079,151.2056,182.6436,47.1680,5.2840,0.70331,151.2056,182.6436,11.7920
1080,162.9590,13.1673,145.1942,6.2867,2.36595,162.9590,13.1673,36.2985
1081,223.8635,31.0895,216.2672,5.5841,1.15749,223.8635,31.0895,54.0668
1082,238.8925,246.0298,228.8969,7.9628,0.91325,238.8925,246.0298,57.2242
1083,75.5871,238.6115,229.4260,8.4830,1.29636,75.5871,238.6115,57.3565
1084,140.1060,99.4556,119.4632,5.2322,1.03785,140.1060,99.4556,29.8658
1085,44.5494,60.6992,23.2919,6.6990,1.06848,44.5494,60.6992,5.8230
1086,212.2330,8.2792,184.0011,5.3449,0.78270,212.2330,8.2792,46.0003
1087,25.3766,149.7737,12.5918,5.7049,0.43220,25.3766,149.7737,3.1480
1088,238.9430,223.1675,84.4971,5.5330,0.39607,238.9430,223.1675,21.1243
1089,153.3533,112.9838,188.8540,5.0807,1.47986,153.3533,112.9838,47.2135
1090,185.6760,77.2969,116.4584,5.1508,0.84703,185.6760,77.2969,29.1146
1091,97.3240,187.4618,181.9287,5.3402,0.69932,97.3240,187.4618,45.4822
1092,194.5429,33.9748,36.5069,7.1784,1.00512,194.5429,33.9748,9.1267
1093,65.6802,38.2226,17.9357,8.6118,1.61117,65.6802,38.2226,4.4839
1094,52.8580,154.3640,10.4800,5.1798,1.11429,52.8580,154.3640,2.6200
1095,241.7249,48.7178,12.7181,5.2219,0.67460,241.7249,48.7178,3.1795
1096,227.7711,127.0684,117.0531,5.1857,2.08710,227.7711,127.0684,29.2633
1097,208.2127,101.6035,98.8849,7.2123,2.57928,208.2127,101.6035,24.7212
1098,68.0677,176.3014,93.9758,5.1446,1.34546,68.0677,176.3014,23.4940
1099,32.3066,29.7058,166.6270,5.6332,1.79355,32.3066,29.7058,41.6568
1100,55.9849,93.5578,207.4742,5.9989,2.10681,55.9849,93.5578,51.8685
1101,33.6370,222.1817,56.9165,6.6515,1.97005,33.6370,222.1817,14.2291
1102,192.6756,177.8432,225.4878,6.0911,1.44551,192.6756,177.8432,56.3720
1103,197.3476,145.6891,81.6688,5.9174,1.43191,197.3476,145.6891,20.4172
1104,171.3014,122.3801,186.7272,6.9459,1.36588,171.3014,122.3801,46.6818
1105,162.3658,34.0642,178.5504,6.3468,0.51768,162.3658,34.0642,44.6376
1106,206.4679,202.2645,90.0699,8.8358,1.52262,206.4679,202.2645,22.5175
1107,77.7420,91.0045,96.5097,6.3395,0.44331,77.7420,91.0045,24.1274
1108,102.7034,244.3579,50.5823,5.6285,0.62079,102.7034,244.3579,12.6456
1109,233.6379,31.6856,160.7879,5.6468,2.18614,233.6379,31.6856,40.1970
1110,231.4287,45.8605,220.1523,5.5168,1.65555,231.4287,45.8605,55.0381
1111,249.4281,235.4304,224.4178,5.4421,2.44108,249.4281,235.4304,56.1044
1112,9.1254,14.3706,173.3593,7.8218,0.84959,9.1254,14.3706,43.3398
1113,134.0211,227.0241,82.1116,5.4225,0.50090,134.0211,227.0241,20.5279
1114,216.0942,166.3279,17.1863,7.5359,0.86566,216.0942,166.3279,4.2966
1115,42.8384,64.8214,240.2046,8.8817,1.06313,42.8384,64.8214,60.0512
1116,86.1532,236.1160,215.1717,6.1382,1.04853,86.1532,236.1160,53.7929
1117,97.4417,79.2192,86.0758,6.4380,1.97429,97.4417,79.2192,21.5189
1118,28.8073,37.5851,46.5023,5.8979,0.80512,28.8073,37.5851,11.6256
1119,9.8696,236.7475,37.1208,6.2081,1.23518,9.8696,236.7475,9.2802
1120,219.4414,33.2085,124.0497,6.5326,0.55257,219.4414,33.2085,31.0124
1121,128.9037,83.7835,222.0676,5.5868,1.31021,128.9037,83.7835,55.5169
1122,60.0911,173.2754,28.3145,5.7578,1.00187,60.0911,173.2754,7.0786
1123,59.2960,20.1951,19.1067,7.4384,0.63770,59.2960,20.1951,4.7767
1124,147.4189,91.0730,65.5006,5.3552,0.86806,147.4189,91.0730,16.3752
1125,236.6669,35.6600,80.7172,5.8772,0.89538,236.6669,35.6600,20.1793
1126,20.5039,176.4248,201.9076,5.0001,0.85036,20.5039,176.4248,50.4769
1127,63.4714,88.3918,82.5295,5.0134,2.89448,63.4714,88.3918,20.6324
1128,196.6504,242.0577,225.0255,8.7226,0.94264,196.6504,242.0577,56.2564
1129,121.5349,77.8272,197.8839,6.6974,0.86387,121.5349,77.8272,49.4710
1130,52.7298,39.8165,186.8868,6.4166,0.28409,52.7298,39.8165,46.7217
1131,19.0047,244.2410,169.1551,6.8765,0.58478,19.0047,244.2410,42.2888
1132,222.6636,222.9988,127.7622,5.7405,0.85398,222.6636,222.9988,31.9406
1133,80.6688,189.7574,212.0739,5.5031,0.66265,80.6688,189.7574,53.0185
1134,22.1613,167.9764,185.7712,6.3906,2.29108,22.1613,167.9764,46.4428
1135,12.9834,125.2137,145.6001,5.5284,0.90578,12.9834,125.2137,36.4000
1136,63.5650,53.1345,96.5079,5.0121,2.16640,63.5650,53.1345,24.1270
1137,52.0707,233.2056,153.4120,5.0305,1.03772,52.0707,233.2056,38.3530
1138,14.1960,234.8159,102.3942,8.9028,1.02259,14.1960,234.8159,25.5986
1139,169.5725,177.9990,205.1799,7.6373,0.94812,169.5725,177.9990,51.2950
1140,198.7747,112.2708,127.5262,5.8758,1.00228,198.7747,112.2708,31.8816
1141,182.6826,194.7611,143.8512,5.9780,2.80465,182.6826,194.7611,35.9628
1142,13.6684,203.7929,190.9815,7.4572,0.24864,13.6684,203.7929,47.7454
1143,160.6981,152.5140,41.8158,6.2329,0.30091,160.6981,152.5140,10.4540
1144,196.3626,169.6556,163.6771,5.8039,0.72188,196.3626,169.6556,40.9193
1145,82.3491,239.6928,121.1605,7.0730,1.00875,82.3491,239.6928,30.2901
1146,109.5234,70.7853,156.2697,5.7512,1.51295,109.5234,70.7853,39.0674
1147,79.4438,247.1249,63.3900,6.9775,1.32824,79.4438,247.1249,15.8475
1148,122.1457,223.5813,198.1414,6.0994,0.79410,122.1457,223.5813,49.5353
1149,96.9897,195.9355,134.5677,5.7905,1.84306,96.9897,195.9355,33.6419
1150,100.4700,56.7779,120.4002,8.4486,1.85543,100.4700,56.7779,30.1000
1151,55.1144,223.2846,242.0468,6.7351,1.11676,55.1144,223.2846,60.5117
1152,200.0397,163.4945,69.8892,5.2070,1.78175,200.0397,163.4945,17.4723
1153,69.0427,116.0627,235.5301,7.5455,1.17773,69.0427,116.0627,58.8825
1154,228.9111,48.9403,22.4417,6.6297,0.71399,228.9111,48.9403,5.6104
1155,46.2927,91.8650,173.2487,7.8683,1.51997,46.2927,91.8650,43.3122
1156,46.3937,193.5616,66.2989,6.8937,1.06862,46.3937,193.5616,16.5747
1157,49.6791,207.7296,85.8261,6.7225,1.00080,49.6791,207.7296,21.4565
1158,182.4434,114.5432,204.6571,5.9256,2.42001,182.4434,114.5432,51.1643
1159,245.3613,194.2525,61.9940,7.8073,0.22981,245.3613,194.2525,15.4985
1160,206.6109,217.4965,123.3211,7.1222,0.42715,206.6109,217.4965,30.8303
1161,194.9449,33.8200,120.6855,5.8980,0.49054,194.9449,33.8200,30.1714
1162,155.8204,78.4525,129.8497,5.7039,0.80416,155.8204,78.4525,32.4624
1163,127.2366,208.4822,109.9584,7.0660,0.85833,127.2366,208.4822,27.4896
1164,163.1173,119.7446,210.3912,5.7155,0.40479,163.1173,119.7446,52.5978
1165,231.2045,224.1607,52.4313,6.9400,0.55372,231.2045,224.1607,13.1078
1166,67.3765,110.9826,200.6688,6.1765,0.59660,67.3765,110.9826,50.1672
1167,70.4822,68.1965,244.9676,7.4877,4.00000,70.4822,68.1965,61.2419
1168,234.1921,204.7309,133.5982,5.7017,2.94776,234.1921,204.7309,33.3995
1169,44.5051,141.9743,53.1613,8.8751,0.78110,44.5051,141.9743,13.2903
1170,234.3140,216.9571,31.8151,6.2257,0.80400,234.3140,216.9571,7.9538
1171,77.9734,78.4893,63.1621,7.3380,0.50182,77.9734,78.4893,15.7905
1172,50.9523,110.9878,75.0140,5.4173,0.31826,50.9523,110.9878,18.7535
1173,169.6907,126.3306,102.0079,7.7454,0.93227,169.6907,126.3306,25.5020
1174,133.0868,212.7378,98.3081,5.9191,0.54952,133.0868,212.7378,24.5770
1175,14.4606,33.8151,47.5542,8.0448,0.95036,14.4606,33.8151,11.8885
1176,200.3901,8.7165,134.4585,7.4683,0.38285,200.3901,8.7165,33.6146
1177,179.8637,96.6699,79.2046,7.6115,0.63306,179.8637,96.6699,19.8011
1178,121.9469,117.2641,231.4360,8.7170,1.09327,121.9469,117.2641,57.8590
1179,131.2166,235.9207,152.9968,5.5282,1.24574,131.2166,235.9207,38.2492
1180,35.4638,248.8401,69.8453,5.8866,1.28465,35.4638,248.8401,17.4613
1181,153.8587,178.9354,142.4275,8.5842,0.45281,153.8587,178.9354,35.6069
1182,220.4189,242.1765,187.0067,5.1640,1.66998,220.4189,242.1765,46.7517
1183,202.7048,163.8458,88.8282,5.4797,0.61870,202.7048,163.8458,22.2071
1184,62.7314,188.6770,165.7281,7.0802,1.46187,62.7314,188.6770,41.4320
1185,140.6223,65.1434,170.6196,7.3572,0.99364,140.6223,65.1434,42.6549
1186,180.4726,13.3739,41.4958,6.1698,0.43787,180.4726,13.3739,10.3739
1187,156.2301,194.5352,82.4198,5.5142,0.82719,156.2301,194.5352,20.6050
1188,44.2702,28.6008,222.2328,5.3189,1.24510,44.2702,28.6008,55.5582
1189,125.0167,72.3950,142.6237,6.4148,1.44452,125.0167,72.3950,35.6559
1190,138.3622,77.4868,24.2015,8.5137,0.91889,138.3622,77.4868,6.0504
1191,236.4086,210.3640,193.0027,8.9502,2.50695,236.4086,210.3640,48.2507
1192,70.4899,217.8724,10.8994,7.3102,1.83035,70.4899,217.8724,2.7248
1193,32.1266,60.6388,91.2977,5.7033,0.85728,32.1266,60.6388,22.8244
1194,33.2321,16.1915,66.5074,6.6601,1.56843,33.2321,16.1915,16.6268
1195,118.9004,44.8351,132.5543,5.5866,3.19081,118.9004,44.8351,33.1386
1196,50.3188,199.1564,159.1186,8.6933,3.24233,50.3188,199.1564,39.7797
1197,217.2764,171.2522,209.4319,6.7118,0.47864,217.2764,171.2522,52.3580
1198,47.8502,49.6338,155.3730,7.2909,0.57354,47.8502,49.6338,38.8432
1199,44.3875,25.0954,205.5114,5.7518,2.43745,44.3875,25.0954,51.3778
1200,203.6861,234.0632,181.2016,7.0362,0.52995,203.6861,234.0632,45.3004
1201,40.8675,17.8583,180.3695,8.5461,0.45225,40.8675,17.8583,45.0924
1202,71.8498,19.3297,75.0619,6.0953,0.74698,71.8498,19.3297,18.7655
1203,208.8747,238.3318,96.1958,7.1728,1.28677,208.8747,238.3318,24.0490
1204,188.7371,11.5361,60.5988,5.3534,0.94041,188.7371,11.5361,15.1497
1205,224.9786,7.5032,126.2322,5.2130,0.67683,224.9786,7.5032,31.5580
1206,111.8776,94.1925,203.2210,7.9374,0.66729,111.8776,94.1925,50.8052
1207,19.4477,12.2682,43.5278,5.3268,0.65220,19.4477,12.2682,10.8819
1208,198.7064,209.9504,157.3584,8.4286,0.58996,198.7064,209.9504,39.3396
1209,124.8518,8.0872,214.9262,6.2069,3.93134,124.8518,8.0872,53.7315
1210,72.7561,248.1815,148.3853,6.2236,1.19543,72.7561,248.1815,37.0963
1211,71.0189,92.3318,246.1202,5.4922,1.70243,71.0189,92.3318,61.5301
1212,215.9057,10.0407,225.0548,5.2198,0.74569,215.9057,10.0407,56.2637
1213,110.4297,212.5103,94.6798,5.1983,0.89443,110.4297,212.5103,23.6699
1214,167.8217,141.3961,126.7527,5.8762,0.65173,167.8217,141.3961,31.6882
1215,70.2802,247.9322,52.7270,5.5102,0.20372,70.2802,247.9322,13.1818
1216,25.3280,133.5468,62.3459,5.0150,0.43744,25.3280,133.5468,15.5865
1217,126.9301,169.9498,205.7400,6.3819,0.33744,126.9301,169.9498,51.4350
1218,57.7505,243.5897,84.5494,6.2048,0.25927,57.7505,243.5897,21.1373
1219,124.8466,130.6544,194.3921,5.5658,0.48811,124.8466,130.6544,48.5980
1220,104.9069,154.4812,149.9524,5.3060,2.21438,104.9069,154.4812,37.4881
1221,148.1181,91.5402,88.9320,5.7258,0.97369,148.1181,91.5402,22.2330
1222,80.1929,100.9982,181.2364,6.6690,2.16916,80.1929,100.9982,45.3091
1223,58.1597,128.7677,37.2375,8.1257,1.27965,58.1597,128.7677,9.3094
1224,116.7021,174.8834,176.7595,5.2084,1.59925,116.7021,174.8834,44.1899
1225,246.6447,77.5825,107.1021,6.6979,0.58243,246.6447,77.5825,26.7755
1226,79.6982,147.5938,110.9738,6.3861,1.36940,79.6982,147.5938,27.7434
1227,149.9463,189.9772,9.1614,5.2732,1.54841,149.9463,189.9772,2.2903
1228,94.6281,236.2194,18.1848,6.3820,0.70752,94.6281,236.2194,4.5462
1229,146.6565,175.7781,161.2629,7.1203,1.39895,146.6565,175.7781,40.3157
1230,160.1647,84.6742,194.5623,5.0326,1.40454,160.1647,84.6742,48.6406
1231,47.5473,77.3223,191.6557,6.3615,0.71912,47.5473,77.3223,47.9139
1232,124.7420,180.9515,161.9368,8.9920,0.50984,124.7420,180.9515,40.4842
1233,120.7600,51.0633,66.7449,6.1430,0.49141,120.7600,51.0633,16.6862
1234,37.2010,57.5734,147.5195,5.3594,1.05327,37.2010,57.5734,36.8799
1235,71.9559,214.8368,134.0473,6.7648,1.21678,71.9559,214.8368,33.5118
1236,156.0580,135.6989,236.2802,7.1830,0.62156,156.0580,135.6989,59.0701
1237,130.6314,97.9607,199.3330,5.0134,1.01608,130.6314,97.9607,49.8333
1238,17.9905,157.2936,150.3314,5.1556,1.40821,17.9905,157.2936,37.5828
1239,124.7105,43.4622,152.1131,5.0463,1.44906,124.7105,43.4622,38.0283
1240,99.7446,237.3312,31.5104,6.0232,2.53737,99.7446,237.3312,7.8776
1241,222.1252,212.0189,228.4470,7.4268,2.15155,222.1252,212.0189,57.1118
1242,243.3364,114.0535,185.6456,7.6703,0.54839,243.3364,114.0535,46.4114
1243,196.4751,150.7920,42.5479,8.3335,2.74602,196.4751,150.7920,10.6370
1244,213.3585,114.3326,27.6736,6.7529,0.72718,213.3585,114.3326,6.9184
1245,189.5622,66.3696,68.1343,5.7119,1.87184,189.5622,66.3696,17.0336
1246,116.2009,54.3902,50.2098,5.9335,1.04164,116.2009,54.3902,12.5524
1247,237.4570,20.5153,222.6153,6.8293,0.78091,237.4570,20.5153,55.6538
1248,101.4885,19.3928,249.5072,5.2417,0.33803,101.4885,19.3928,62.3768
1249,148.0706,61.2181,75.1667,8.6576,0.90218,148.0706,61.2181,18.7917
1250,85.3957,12.9221,165.5645,6.7982,0.39234,85.3957,12.9221,41.3911
1251,83.9085,217.2919,129.3430,5.6138,1.78672,83.9085,217.2919,32.3357
1252,229.6992,141.8953,93.9035,6.7554,2.48451,229.6992,141.8953,23.4759
1253,48.2323,239.7188,28.4468,6.7442,0.61993,48.2323,239.7188,7.1117
1254,141.7929,248.5941,110.9161,5.1725,1.19863,141.7929,248.5941,27.7290
1255,216.8656,154.5325,41.9766,5.4629,0.64711,216.8656,154.5325,10.4941
1256,175.2668,33.2658,81.4080,7.5809,0.68585,175.2668,33.2658,20.3520
1257,116.9388,110.7907,185.1433,5.0694,1.59153,116.9388,110.7907,46.2858
1258,159.9088,81.0918,99.3455,5.6685,0.97714,159.9088,81.0918,24.8364
1259,105.8073,194.3135,54.2122,5.2265,2.83996,105.8073,194.3135,13.5530
1260,235.9516,87.8942,113.4840,7.2198,0.74876,235.9516,87.8942,28.3710
1261,10.5671,49.4581,43.0750,6.5600,1.82139,10.5671,49.4581,10.7687
1262,158.5133,225.0100,132.6971,8.0057,1.06019,158.5133,225.0100,33.1743
1263,200.0179,20.0374,170.4159,5.5933,1.61199,200.0179,20.0374,42.6040
1264,10.0314,130.3755,219.0259,5.8904,0.76468,10.0314,130.3755,54.7565
1265,82.1449,192.2408,107.8974,5.0169,0.97070,82.1449,192.2408,26.9743
1266,55.4582,41.5134,43.7931,5.1609,0.93305,55.4582,41.5134,10.9483
1267,149.3020,41.6121,60.9796,5.7225,0.60554,149.3020,41.6121,15.2449
1268,230.0628,247.6452,19.5194,5.9530,1.48773,230.0628,247.6452,4.8799
1269,194.3757,69.7979,195.1485,8.4710,1.47720,194.3757,69.7979,48.7871
1270,23.7274,97.8523,60.6476,5.2180,1.42780,23.7274,97.8523,15.1619
1271,171.8647,195.2637,227.3074,7.3669,2.51477,171.8647,195.2637,56.8268
1272,164.7012,222.8955,249.3445,5.1165,2.38597,164.7012,222.8955,62.3361
1273,178.7459,128.9294,32.7264,8.8970,0.79854,178.7459,128.9294,8.1816
1274,168.5333,153.6600,203.2531,5.6520,1.25086,168.5333,153.6600,50.8133
1275,77.6024,36.7820,67.8997,8.1145,0.68787,77.6024,36.7820,16.9749
1276,51.6473,113.0744,218.8724,7.6141,1.01411,51.6473,113.0744,54.7181
1277,63.3058,60.0887,184.8726,6.5633,0.69778,63.3058,60.0887,46.2182
1278,9.7904,57.8068,70.2645,7.7297,2.64334,9.7904,57.8068,17.5661
1279,82.0895,236.9362,77.7094,6.8852,1.24386,82.0895,236.9362,19.4274
1280,108.7595,92.0806,246.7997,5.7820,0.87738,108.7595,92.0806,61.6999
1281,21.7069,120.8227,129.0305,6.3171,2.04658,21.7069,120.8227,32.2576
1282,159.8750,187.6141,238.1415,6.4635,0.27189,159.8750,187.6141,59.5354
1283,163.6798,102.1726,185.2265,6.6894,0.29866,163.6798,102.1726,46.3066
1284,171.5945,55.7574,39.3986,8.3921,1.61204,171.5945,55.7574,9.8496
1285,132.7975,73.8422,75.7630,7.3353,1.03695,132.7975,73.8422,18.9407
1286,85.7297,75.5908,107.6825,7.0656,1.16215,85.7297,75.5908,26.9206
1287,141.9642,176.6634,55.4041,6.3011,0.45120,141.9642,176.6634,13.8510
1288,82.0384,51.8999,30.8924,7.4279,0.98616,82.0384,51.8999,7.7231
1289,64.2925,145.3848,242.4635,7.6226,3.32712,64.2925,145.3848,60.6159
1290,103.7701,64.3781,79.2009,7.9324,1.63971,103.7701,64.3781,19.8002
1291,231.8778,32.3282,66.7962,7.5961,1.10719,231.8778,32.3282,16.6990
1292,91.0416,178.8568,218.4961,8.7795,0.76841,91.0416,178.8568,54.6240
1293,56.5780,147.6433,211.4235,5.6831,0.78919,56.5780,147.6433,52.8559
1294,213.3933,89.8205,105.1785,5.3158,0.27873,213.3933,89.8205,26.2946
1295,227.2823,38.9176,145.9210,6.3594,1.16717,227.2823,38.9176,36.4803
1296,110.7450,180.5534,117.9093,7.2581,1.66078,110.7450,180.5534,29.4773
1297,32.6300,85.7120,152.9948,5.5130,0.38854,32.6300,85.7120,38.2487
1298,120.4487,18.8537,86.6822,5.1131,0.67243,120.4487,18.8537,21.6706
1299,120.4639,193.1186,30.5035,5.0623,0.49933,120.4639,193.1186,7.6259
1300,178.7576,195.4870,195.1390,6.3436,0.56034,178.7576,195.4870,48.7847
1301,165.2215,42.8939,126.8923,6.0778,1.03261,165.2215,42.8939,31.7231
1302,53.2416,160.1404,219.3363,5.0105,0.28632,53.2416,160.1404,54.8341
1303,33.2205,43.6571,160.4149,7.6206,1.44565,33.2205,43.6571,40.1037
1304,57.0741,96.7518,237.5826,6.0623,1.57194,57.0741,96.7518,59.3956
1305,97.3226,131.7742,18.5562,5.5388,0.86014,97.3226,131.7742,4.6390
1306,128.2832,248.0091,144.1071,6.1533,0.22573,128.2832,248.0091,36.0268
1307,232.6643,159.6161,16.1940,5.9850,0.54999,232.6643,159.6161,4.0485
1308,225.4163,35.3089,12.5945,5.6876,2.09539,225.4163,35.3089,3.1486
1309,177.9357,206.6426,74.5611,6.8118,0.18885,177.9357,206.6426,18.6403
1310,158.3390,149.9210,72.1478,5.4764,0.81179,158.3390,149.9210,18.0369
1311,76.6467,159.7785,141.4281,8.3531,0.49263,76.6467,159.7785,35.3570
1312,160.7570,21.1220,25.1173,5.3919,1.62051,160.7570,21.1220,6.2793
1313,101.6328,40.0053,66.3069,8.3743,0.66693,101.6328,40.0053,16.5767
1314,240.6107,211.1108,43.6584,6.6262,1.27427,240.6107,211.1108,10.9146
1315,197.7818,192.0786,125.3331,7.4550,1.40393,197.7818,192.0786,31.3333
1316,147.9058,56.9005,22.2762,7.9273,3.00938,147.9058,56.9005,5.5691
1317,22.4080,102.6936,207.2743,6.4780,0.88536,22.4080,102.6936,51.8186
1318,63.1555,49.8343,173.8293,6.0427,1.25311,63.1555,49.8343,43.4573
1319,157.5318,154.3525,241.6348,8.1148,0.41023,157.5318,154.3525,60.4087
1320,42.6967,208.5245,41.6152,5.2925,2.04265,42.6967,208.5245,10.4038
1321,75.3558,66.1872,13.7305,6.5332,0.63362,75.3558,66.1872,3.4326
1322,10.9550,216.8124,125.9898,5.9728,0.71430,10.9550,216.8124,31.4974
1323,92.6311,173.1849,126.1966,8.3122,0.98674,92.6311,173.1849,31.5492
1324,107.4152,30.2137,19.2710,5.5075,0.39152,107.4152,30.2137,4.8178
1325,31.7635,209.7438,138.6347,5.2581,1.14713,31.7635,209.7438,34.6587
1326,165.4265,200.6793,90.3891,5.4973,1.78690,165.4265,200.6793,22.5973
1327,225.6591,203.1551,107.6833,7.6338,1.19215,225.6591,203.1551,26.9208
1328,97.8324,128.0368,217.3842,6.4178,0.38545,97.8324,128.0368,54.3460
1329,136.2080,69.3124,106.7157,5.0008,0.92841,136.2080,69.3124,26.6789
1330,207.1473,52.7482,233.1235,6.5594,1.56083,207.1473,52.7482,58.2809
1331,237.6345,63.8351,218.0281,8.6829,0.32407,237.6345,63.8351,54.5070
1332,177.3743,10.8753,119.5055,5.9893,0.52474,177.3743,10.8753,29.8764
1333,61.3763,88.9060,54.8023,5.6611,1.69203,61.3763,88.9060,13.7006
1334,249.3284,64.5824,243.4228,5.0149,1.17593,249.3284,64.5824,60.8557
1335,224.4495,239.5567,144.1960,7.6121,1.28041,224.4495,239.5567,36.0490
1336,131.3992,166.2502,165.7295,5.9122,3.05169,131.3992,166.2502,41.4324
1337,195.8554,245.9419,166.9010,5.0893,1.32463,195.8554,245.9419,41.7253
1338,108.3014,28.6475,47.5338,5.3382,1.48399,108.3014,28.6475,11.8835
1339,242.1957,123.9670,50.3149,6.3721,4.00000,242.1957,123.9670,12.5787
1340,86.1082,35.7210,195.3116,6.2056,0.87960,86.1082,35.7210,48.8279
1341,106.9441,160.0745,96.3539,5.2483,0.61957,106.9441,160.0745,24.0885
1342,164.5124,183.3878,19.4444,5.9822,1.29263,164.5124,183.3878,4.8611
1343,70.7443,42.6112,102.3339,5.6524,1.30134,70.7443,42.6112,25.5835
1344,185.3752,32.1676,153.7329,5.4034,0.72904,185.3752,32.1676,38.4332
1345,87.9620,24.3341,236.8287,8.4842,0.53825,87.9620,24.3341,59.2072
1346,199.9076,119.9795,85.2673,5.4995,3.99845,199.9076,119.9795,21.3168
1347,216.5568,39.7182,28.2522,7.7834,1.21666,216.5568,39.7182,7.0631
1348,196.4785,245.9865,19.4431,7.2102,0.64444,196.4785,245.9865,4.8608
1349,179.8280,81.6032,221.9268,7.4581,1.73249,179.8280,81.6032,55.4817
1350,189.2098,58.6904,8.0329,5.3981,0.93661,189.2098,58.6904,2.0082
1351,157.2940,190.0079,32.4136,8.1784,0.85922,157.2940,190.0079,8.1034
1352,199.4051,71.7118,48.4945,6.8324,1.40125,199.4051,71.7118,12.1236
1353,87.8536,52.2160,237.3761,6.5271,0.46064,87.8536,52.2160,59.3440
1354,153.9529,37.0144,154.4233,6.9324,1.23562,153.9529,37.0144,38.6058
1355,147.0693,231.1418,158.2130,6.2167,3.15117,147.0693,231.1418,39.5533
1356,217.6011,229.3832,58.4788,7.8446,1.32274,217.6011,229.3832,14.6197
1357,140.2371,248.1297,125.6126,5.7834,0.79794,140.2371,248.1297,31.4031
1358,130.9710,85.1585,102.0406,5.6741,0.73767,130.9710,85.1585,25.5101
1359,8.2240,173.4769,33.9912,6.2621,0.78176,8.2240,173.4769,8.4978
1360,52.9803,87.1493,45.6840,5.8766,0.85866,52.9803,87.1493,11.4210
1361,30.2382,133.1998,37.0002,6.2223,0.79717,30.2382,133.1998,9.2500
1362,163.8106,44.2386,162.0645,6.5433,1.73288,163.8106,44.2386,40.5161
1363,155.4132,28.4648,134.0420,6.0106,0.35348,155.4132,28.4648,33.5105
1364,118.4053,168.2707,14.3187,8.9696,1.67732,118.4053,168.2707,3.5797
1365,213.2512,114.3152,49.4440,8.5014,0.79627,213.2512,114.3152,12.3610
1366,76.2883,216.9805,234.8899,5.3721,1.25379,76.2883,216.9805,58.7225
1367,166.7467,98.6680,88.9090,7.4872,0.50855,166.7467,98.6680,22.2272
1368,236.8182,102.7344,153.5978,6.4062,2.21927,236.8182,102.7344,38.3995
1369,14.8626,81.2445,154.5951,5.0884,2.11146,14.8626,81.2445,38.6488
1370,71.6477,200.6851,245.8271,8.3532,1.77847,71.6477,200.6851,61.4568
1371,129.4523,130.0369,34.7738,6.4878,0.40299,129.4523,130.0369,8.6934
1372,180.6703,154.5452,186.8387,7.3926,1.64456,180.6703,154.5452,46.7097
1373,126.0618,124.9179,72.0524,5.9797,1.27496,126.0618,124.9179,18.0131
1374,122.7885,92.1449,128.8758,5.7808,0.38168,122.7885,92.1449,32.2189
1375,229.7276,223.3081,221.8800,5.6150,0.98553,229.7276,223.3081,55.4700
1376,249.5206,159.1472,22.5196,5.4098,1.24448,249.5206,159.1472,5.6299
1377,87.5981,236.5041,189.1854,7.2497,1.39605,87.5981,236.5041,47.2964
1378,177.7812,57.3074,21.4033,6.3704,1.11222,177.7812,57.3074,5.3508
1379,240.4947,158.6399,63.2695,8.3335,1.19094,240.4947,158.6399,15.8174
1380,188.6736,45.3696,231.5419,6.5583,2.42097,188.6736,45.3696,57.8855
1381,222.2031,115.5777,196.6530,7.5353,2.08678,222.2031,115.5777,49.1632
1382,133.2135,183.3913,183.7110,6.4815,0.17902,133.2135,183.3913,45.9278
1383,147.9607,172.7894,226.9534,6.9097,0.82658,147.9607,172.7894,56.7384
1384,247.1868,233.6615,111.1170,6.1054,0.90593,247.1868,233.6615,27.7792
1385,110.7643,147.1430,127.9699,6.4209,0.34950,110.7643,147.1430,31.9925
1386,9.2516,27.6851,127.2756,6.3316,1.05814,9.2516,27.6851,31.8189
1387,230.8076,135.0181,29.4068,6.0422,2.11542,230.8076,135.0181,7.3517
1388,192.9022,60.9361,100.1197,6.2827,0.52103,192.9022,60.9361,25.0299
1389,239.7967,113.5035,127.0073,7.7887,1.22365,239.7967,113.5035,31.7518
1390,103.8423,139.3084,162.0606,6.1262,0.57724,103.8423,139.3084,40.5152
1391,162.8195,198.9384,144.6791,5.7075,0.66821,162.8195,198.9384,36.1698
1392,96.1706,226.1874,163.1964,8.3497,2.42647,96.1706,226.1874,40.7991
1393,85.9737,112.7391,185.7703,5.6226,0.72214,85.9737,112.7391,46.4426
1394,199.2037,132.8557,27.8725,5.8922,1.31960,199.2037,132.8557,6.9681
1395,54.5824,114.8504,235.8475,5.8068,0.32539,54.5824,114.8504,58.9619
1396,185.4281,64.3507,178.0899,6.7984,3.05687,185.4281,64.3507,44.5225
1397,227.5044,237.7550,6.6609,5.0606,1.43561,227.5044,237.7550,1.6652
1398,107.2882,210.1674,137.7869,6.8313,0.89628,107.2882,210.1674,34.4467
1399,141.8037,30.9339,89.0082,5.6269,1.41245,141.8037,30.9339,22.2520
1400,21.7381,36.1789,110.7433,5.1362,0.42917,21.7381,36.1789,27.6858
1401,10.2317,221.0474,242.9894,6.5536,2.03301,10.2317,221.0474,60.7474
1402,10.8115,187.4850,145.3321,8.4500,0.82334,10.8115,187.4850,36.3330
1403,233.2915,195.1889,41.7195,5.3767,0.88476,233.2915,195.1889,10.4299
1404,217.2289,227.3015,230.9590,8.1056,0.74454,217.2289,227.3015,57.7397
1405,53.6753,180.0258,37.1131,5.5290,0.70582,53.6753,180.0258,9.2783
1406,224.2344,185.6148,231.8255,6.1208,1.51710,224.2344,185.6148,57.9564
1407,145.4948,95.6314,168.1724,6.0679,1.16596,145.4948,95.6314,42.0431
1408,39.8406,56.4349,80.4928,7.6561,1.47853,39.8406,56.4349,20.1232
1409,75.5409,161.4837,246.2240,8.5683,0.99474,75.5409,161.4837,61.5560
1410,140.5357,153.6981,154.7888,7.5331,1.36059,140.5357,153.6981,38.6972
1411,27.8241,157.0971,82.7318,5.1696,0.77778,27.8241,157.0971,20.6830
1412,57.9814,29.9710,148.1207,5.6141,3.81080,57.9814,29.9710,37.0302
1413,31.5345,73.7055,195.5301,5.2993,0.39033,31.5345,73.7055,48.8825
1414,183.7891,76.3261,162.8948,6.2284,2.13094,183.7891,76.3261,40.7237
1415,28.0221,35.0979,245.9947,7.4466,2.27219,28.0221,35.0979,61.4987
1416,91.7341,68.0335,163.2407,6.3289,0.59972,91.7341,68.0335,40.8102
1417,231.4399,180.4331,102.8007,8.1502,3.80975,231.4399,180.4331,25.7002
1418,226.7295,29.6302,181.5809,8.4891,1.81720,226.7295,29.6302,45.3952
1419,118.9311,138.4087,239.8817,8.3313,1.79084,118.9311,138.4087,59.9704
1420,135.6374,35.6364,234.9802,7.9668,1.01696,135.6374,35.6364,58.7451
1421,186.8352,60.2299,40.9006,6.9678,0.87780,186.8352,60.2299,10.2252
1422,169.3822,74.2219,186.6326,7.9652,0.88193,169.3822,74.2219,46.6581
1423,193.5298,138.7562,233.2228,7.0291,1.26405,193.5298,138.7562,58.3057
1424,229.1663,8.3386,141.7133,5.9933,2.31802,229.1663,8.3386,35.4283
1425,107.6970,163.5288,124.0226,8.3754,1.11493,107.6970,163.5288,31.0056
1426,76.2511,25.2331,153.4305,7.7075,0.57876,76.2511,25.2331,38.3576
1427,29.7598,116.1483,191.0751,5.0484,1.63993,29.7598,116.1483,47.7688
1428,88.2759,155.8690,16.7832,6.6589,1.73792,88.2759,155.8690,4.1958
1429,113.3603,7.2476,138.2957,5.5089,1.48112,113.3603,7.2476,34.5739
1430,196.0937,57.7398,144.0543,5.2333,1.56408,196.0937,57.7398,36.0136
1431,190.1675,177.4414,117.6348,6.7198,0.84997,190.1675,177.4414,29.4087
1432,182.6899,96.3551,48.3545,6.2931,0.57270,182.6899,96.3551,12.0886
1433,218.9815,75.7030,64.0107,6.2835,0.59398,218.9815,75.7030,16.0027
1434,19.9382,243.8041,136.9343,5.5337,0.37483,19.9382,243.8041,34.2336
1435,80.2924,214.7901,90.9416,5.4531,1.15277,80.2924,214.7901,22.7354
1436,218.1437,36.2920,78.7619,8.2743,0.95116,218.1437,36.2920,19.6905
1437,138.5757,51.5836,128.7217,8.9045,0.76798,138.5757,51.5836,32.1804
1438,12.7583,221.3018,49.6162,6.8141,0.16976,12.7583,221.3018,12.4041
1439,145.4862,236.6649,178.3244,8.1816,0.47313,145.4862,236.6649,44.5811
1440,189.7825,106.7687,142.6452,5.9991,1.95914,189.7825,106.7687,35.6613
1441,186.3852,95.7168,129.7807,5.9992,0.67114,186.3852,95.7168,32.4452
1442,143.2054,60.8362,118.0594,5.1702,1.24154,143.2054,60.8362,29.5149
1443,189.7724,43.8210,217.1524,5.4806,0.43413,189.7724,43.8210,54.2881
1444,54.6813,47.8980,80.9033,5.7448,2.37079,54.6813,47.8980,20.2258
1445,95.0786,32.9140,12.6624,5.0756,0.91721,95.0786,32.9140,3.1656
1446,83.8688,189.0041,22.7014,5.4119,1.19008,83.8688,189.0041,5.6753
1447,214.7087,241.2345,201.3255,8.1771,4.00000,214.7087,241.2345,50.3314
1448,236.6568,204.5462,58.0922,5.4951,2.48398,236.6568,204.5462,14.5230
1449,203.0657,66.6150,60.6858,5.8034,0.83199,203.0657,66.6150,15.1714
1450,107.9591,138.2561,183.6459,7.9459,0.70052,107.9591,138.2561,45.9115
1451,117.0295,29.4281,182.7924,5.2421,0.82257,117.0295,29.4281,45.6981
1452,63.7812,11.9427,156.5854,7.2627,1.35790,63.7812,11.9427,39.1464
1453,46.2331,147.0815,223.3015,6.1204,0.93882,46.2331,147.0815,55.8254
1454,168.9106,77.3339,210.2573,6.2318,0.78888,168.9106,77.3339,52.5643
1455,92.2526,217.5533,72.9357,5.1459,2.41164,92.2526,217.5533,18.2339
1456,59.7503,230.1658,205.3544,7.2180,0.93377,59.7503,230.1658,51.3386
1457,236.3394,180.8028,199.9246,5.5844,3.97392,236.3394,180.8028,49.9811
1458,60.8236,104.1716,165.7135,5.7207,1.05595,60.8236,104.1716,41.4284
1459,37.3870,153.6511,92.8685,8.3036,2.91885,37.3870,153.6511,23.2171
1460,92.1641,44.9784,150.5735,6.2130,1.23911,92.1641,44.9784,37.6434
1461,62.6333,137.8243,200.5970,7.0345,1.78207,62.6333,137.8243,50.1493
1462,140.9587,92.7833,188.0539,5.8610,0.64742,140.9587,92.7833,47.0135
1463,67.2266,238.2208,73.2178,5.0114,0.59914,67.2266,238.2208,18.3045
1464,147.9960,118.6249,24.8316,5.1879,1.31762,147.9960,118.6249,6.2079
1465,116.0650,157.9172,183.3737,7.1953,1.80965,116.0650,157.9172,45.8434
1466,188.3242,227.9093,180.2240,8.5269,1.02445,188.3242,227.9093,45.0560
1467,111.1845,100.6175,15.6496,5.9792,0.46216,111.1845,100.6175,3.9124
1468,90.8262,8.5867,211.5580,6.6422,0.44213,90.8262,8.5867,52.8895
1469,156.6834,190.5046,214.0819,5.6774,0.42474,156.6834,190.5046,53.5205
1470,224.7618,161.9584,51.8339,7.3382,0.34626,224.7618,161.9584,12.9585
1471,188.1988,184.7421,164.5034,5.0618,1.06790,188.1988,184.7421,41.1259
1472,152.9928,243.7752,81.3292,5.4020,1.96408,152.9928,243.7752,20.3323
1473,244.3328,107.0127,111.1482,5.0046,0.99198,244.3328,107.0127,27.7871
1474,85.0029,167.0991,231.0978,5.9344,0.25763,85.0029,167.0991,57.7744
1475,38.2902,126.5752,140.9010,8.8531,0.89185,38.2902,126.5752,35.2252
1476,189.8185,154.2737,26.6346,7.1461,0.90694,189.8185,154.2737,6.6586
1477,178.5487,72.4529,78.9513,5.2540,3.51697,178.5487,72.4529,19.7378
1478,237.2708,9.5541,169.7016,7.8796,0.41716,237.2708,9.5541,42.4254
1479,101.4234,173.3006,17.6745,5.7567,0.79104,101.4234,173.3006,4.4186
1480,13.8275,182.8198,193.3545,6.6753,2.78295,13.8275,182.8198,48.3386
1481,122.9033,18.4814,102.4795,5.3860,1.30995,122.9033,18.4814,25.6199
1482,64.6184,234.6390,33.3110,8.6615,1.40212,64.6184,234.6390,8.3278
1483,160.9260,127.2647,25.5798,5.6656,1.07117,160.9260,127.2647,6.3949
1484,9.6535,75.1501,66.6275,5.8365,1.21892,9.6535,75.1501,16.6569
1485,188.0198,115.3253,166.7869,6.3651,1.59451,188.0198,115.3253,41.6967
1486,62.2161,27.6204,31.9923,6.4626,0.61527,62.2161,27.6204,7.9981
1487,134.3801,57.7890,7.6552,5.9098,1.69356,134.3801,57.7890,1.9138
1488,14.3028,215.4842,89.0491,6.8193,0.43876,14.3028,215.4842,22.2623
1489,48.6817,235.5184,140.3302,5.8615,1.21777,48.6817,235.5184,35.0826
1490,55.5138,247.3913,180.8396,6.4631,1.11321,55.5138,247.3913,45.2099
1491,28.9798,55.1491,66.8889,5.8715,0.69089,28.9798,55.1491,16.7222
1492,73.5437,19.8260,246.6414,5.7014,0.98648,73.5437,19.8260,61.6604
1493,51.8755,78.8752,66.8200,6.0174,0.68830,51.8755,78.8752,16.7050
1494,236.1940,85.4241,160.4299,7.1291,0.52570,236.1940,85.4241,40.1075
1495,50.3885,175.7997,118.5789,8.2586,0.80883,50.3885,175.7997,29.6447
1496,206.5977,202.6106,25.8285,5.3493,0.51562,206.5977,202.6106,6.4571
1497,89.6601,76.4134,72.7105,7.0025,1.21371,89.6601,76.4134,18.1776
1498,69.3093,154.0334,233.0005,5.3824,0.50155,69.3093,154.0334,58.2501
1499,111.6231,207.1410,249.5588,5.1604,1.53294,111.6231,207.1410,62.3897
1500,19.4267,91.6738,248.5114,6.2044,0.49219,19.4267,91.6738,62.1279
1501,85.7480,36.8073,37.1294,5.5071,0.71193,85.7480,36.8073,9.2824
1502,38.4425,183.6101,114.8674,5.6884,0.68745,38.4425,183.6101,28.7168
1503,76.3268,59.8409,139.5970,8.1757,2.21464,76.3268,59.8409,34.8992
1504,204.2408,21.5685,123.6615,5.6481,1.21917,204.2408,21.5685,30.9154
1505,145.9348,44.0384,203.2320,5.1489,0.88070,145.9348,44.0384,50.8080
1506,104.2624,35.1963,242.8409,8.5263,1.34882,104.2624,35.1963,60.7102
1507,23.3703,130.1308,243.0731,6.4311,0.28243,23.3703,130.1308,60.7683
1508,12.6337,201.4960,242.0813,8.4633,0.97445,12.6337,201.4960,60.5203
1509,182.8374,249.6577,200.4248,5.1215,3.31517,182.8374,249.6577,50.1062
1510,131.0383,97.2376,86.6962,5.8973,1.08265,131.0383,97.2376,21.6741
1511,173.3382,167.3170,9.4612,6.8504,1.04159,173.3382,167.3170,2.3653
1512,9.7785,44.6624,10.9422,5.0921,1.38941,9.7785,44.6624,2.7355
1513,44.0985,108.2349,111.6035,8.2348,1.71149,44.0985,108.2349,27.9009
1514,29.0289,196.7048,105.7879,6.9631,0.30165,29.0289,196.7048,26.4470
1515,47.5284,125.9121,118.5601,7.1646,0.36444,47.5284,125.9121,29.6400
1516,34.7033,44.9733,135.2475,7.1829,1.13448,34.7033,44.9733,33.8119
1517,102.6706,46.2554,201.7278,7.6256,0.65121,102.6706,46.2554,50.4319
1518,152.9119,127.8347,69.0048,7.7015,2.19727,152.9119,127.8347,17.2512
1519,248.9449,233.1931,245.1831,5.5941,0.82770,248.9449,233.1931,61.2958
1520,10.1013,47.3701,132.2659,8.4389,0.31326,10.1013,47.3701,33.0665
1521,172.1079,224.3933,11.3095,8.9913,0.46729,172.1079,224.3933,2.8274
1522,178.9188,11.5005,190.9043,7.2094,0.19209,178.9188,11.5005,47.7261
1523,102.1399,145.6050,21.9726,6.9011,0.86895,102.1399,145.6050,5.4931
1524,173.0992,223.7245,27.9855,6.0446,0.89312,173.0992,223.7245,6.9964
1525,113.2018,223.3957,116.2853,5.7958,0.77517,113.2018,223.3957,29.0713
1526,218.6505,207.2201,244.6452,5.7316,1.91043,218.6505,207.2201,61.1613
1527,44.1439,21.1113,147.8661,5.8196,2.05261,44.1439,21.1113,36.9665
1528,56.8755,143.6256,150.5935,8.0211,0.90282,56.8755,143.6256,37.6484
1529,200.1525,120.8650,161.5606,5.7658,0.27781,200.1525,120.8650,40.3901
1530,228.5932,70.8160,148.0920,5.0559,1.44827,228.5932,70.8160,37.0230
1531,248.0069,67.0847,11.5123,5.6796,1.39545,248.0069,67.0847,2.8781
1532,109.4612,233.2170,222.4915,6.4457,1.20398,109.4612,233.2170,55.6229
1533,30.8330,228.1509,180.2112,7.7276,1.80198,30.8330,228.1509,45.0528
1534,214.3696,240.2699,75.4961,7.0857,0.49713,214.3696,240.2699,18.8740
1535,214.0254,244.5721,25.4895,7.6022,3.33760,214.0254,244.5721,6.3724
1536,134.3398,183.7087,24.0180,7.3368,0.56234,134.3398,183.7087,6.0045
1537,76.4560,205.0747,108.8609,8.1417,1.56758,76.4560,205.0747,27.2152
1538,241.0359,196.3577,90.9194,5.1717,0.36334,241.0359,196.3577,22.7298
1539,247.5132,130.1270,139.7616,6.4691,0.57226,247.5132,130.1270,34.9404
1540,86.4303,240.6905,33.8146,7.1947,2.48388,86.4303,240.6905,8.4537
1541,45.1486,216.8392,144.7934,6.2171,0.85510,45.1486,216.8392,36.1983
1542,175.2207,119.8843,126.4192,5.8103,1.65525,175.2207,119.8843,31.6048
1543,89.9832,170.5536,157.1613,6.3023,1.15278,89.9832,170.5536,39.2903
1544,158.5805,54.6133,246.5070,7.1160,0.93897,158.5805,54.6133,61.6267
1545,97.8564,84.8805,59.8868,5.5087,2.26667,97.8564,84.8805,14.9717
1546,71.9896,139.9700,136.4288,5.0053,0.86763,71.9896,139.9700,34.1072
1547,155.6229,249.2144,148.6185,5.5243,0.34354,155.6229,249.2144,37.1546
1548,157.4048,219.0371,234.9412,7.1106,0.61758,157.4048,219.0371,58.7353
1549,226.0962,11.1903,152.9840,5.1823,1.39196,226.0962,11.1903,38.2460
1550,42.4742,95.1522,195.4083,7.1813,1.26783,42.4742,95.1522,48.8521
1551,138.7355,67.5540,143.0518,5.1030,0.39054,138.7355,67.5540,35.7630
1552,234.5549,218.7567,109.0000,6.6133,0.64752,234.5549,218.7567,27.2500
1553,100.9207,39.2856,94.6725,5.6415,0.70537,100.9207,39.2856,23.6681
1554,49.9018,34.3396,23.8848,5.9483,0.80310,49.9018,34.3396,5.9712
1555,107.1782,221.5247,237.1818,7.8393,0.43799,107.1782,221.5247,59.2955
1556,21.8832,180.4757,30.1573,8.1928,0.68590,21.8832,180.4757,7.5393
1557,110.4266,222.5700,153.2435,6.6864,0.64586,110.4266,222.5700,38.3109
1558,8.5050,11.8228,243.6607,6.1179,1.58871,8.5050,11.8228,60.9152
1559,57.2614,14.0001,203.9512,8.8631,1.62494,57.2614,14.0001,50.9878
1560,236.0057,122.1042,241.5322,7.8848,0.91623,236.0057,122.1042,60.3831
1561,233.0999,247.0660,36.3595,5.6509,0.79039,233.0999,247.0660,9.0899
1562,114.9640,96.3921,168.0262,5.9443,1.08758,114.9640,96.3921,42.0066
1563,159.3808,208.2139,11.4122,5.5551,0.61266,159.3808,208.2139,2.8530
1564,137.1082,7.9728,99.0678,6.2991,0.50253,137.1082,7.9728,24.7670
1565,41.4620,104.1556,239.5926,6.5052,0.56885,41.4620,104.1556,59.8981
1566,9.1275,58.1353,182.5082,5.5179,0.68325,9.1275,58.1353,45.6270
1567,191.9712,216.3089,117.5528,5.4734,0.49754,191.9712,216.3089,29.3882
1568,61.3256,245.2565,222.2082,6.9450,1.10212,61.3256,245.2565,55.5520
1569,189.3026,159.4125,90.4165,6.4846,1.54934,189.3026,159.4125,22.6041
1570,94.5392,141.4619,137.2932,5.5592,0.38587,94.5392,141.4619,34.3233
1571,210.3815,31.2398,206.9032,5.2641,1.01519,210.3815,31.2398,51.7258
1572,92.0870,15.2930,114.1040,7.5651,0.87637,92.0870,15.2930,28.5260
1573,120.4150,119.2483,49.7249,5.1818,1.22741,120.4150,119.2483,12.4312
1574,50.9844,71.7380,32.9860,7.8733,0.99227,50.9844,71.7380,8.2465
1575,234.4930,99.0645,194.9351,6.3258,0.41805,234.4930,99.0645,48.7338
1576,27.1664,195.9060,91.5218,6.3306,0.46887,27.1664,195.9060,22.8805
1577,84.4323,8.7746,12.6592,6.7982,1.01781,84.4323,8.7746,3.1648
1578,12.7747,137.7601,170.3908,6.7012,1.85386,12.7747,137.7601,42.5977
1579,237.0882,81.4076,201.5636,6.0866,0.26487,237.0882,81.4076,50.3909
1580,31.1056,143.0239,207.2766,5.8537,1.23052,31.1056,143.0239,51.8192
1581,80.1120,119.8581,195.7775,6.5431,2.04168,80.1120,119.8581,48.9444
1582,114.0230,191.4675,212.1655,6.6695,0.91227,114.0230,191.4675,53.0414
1583,178.5545,37.1441,167.3792,8.1743,1.39114,178.5545,37.1441,41.8448
1584,188.1292,84.1556,104.4368,7.6586,0.65584,188.1292,84.1556,26.1092
1585,169.7443,88.8882,47.3590,7.8201,0.93088,169.7443,88.8882,11.8398
1586,168.6994,196.5274,208.5581,5.7559,0.37812,168.6994,196.5274,52.1395
1587,220.5291,154.5278,206.2676,5.9246,0.24497,220.5291,154.5278,51.5669
1588,137.4020,168.2475,94.3389,5.3963,1.76061,137.4020,168.2475,23.5847
1589,204.8191,162.1505,234.0772,5.6273,0.55377,204.8191,162.1505,58.5193
1590,74.3831,85.7926,168.8943,5.1904,0.76085,74.3831,85.7926,42.2236
1591,96.3966,108.5215,141.3394,7.6903,0.43524,96.3966,108.5215,35.3349
1592,30.0450,162.9226,124.2799,5.0877,0.42914,30.0450,162.9226,31.0700
1593,175.4614,8.0228,244.7284,5.6272,0.90095,175.4614,8.0228,61.1821
1594,203.1546,11.3848,209.7520,7.1698,0.64549,203.1546,11.3848,52.4380
1595,209.3381,133.7028,54.9291,7.5300,1.25456,209.3381,133.7028,13.7323
1596,108.0030,37.2267,80.3158,6.6768,1.31196,108.0030,37.2267,20.0790
1597,103.7586,7.7606,181.8412,5.4533,1.21229,103.7586,7.7606,45.4603
1598,26.8975,138.4458,21.1245,7.1608,1.15391,26.8975,138.4458,5.2811
1599,24.7959,154.1408,197.0434,8.1357,2.57709,24.7959,154.1408,49.2609
1600,232.5522,153.1516,188.8004,5.7817,0.52700,232.5522,153.1516,47.2001
1601,220.9962,103.0283,228.8952,8.1501,0.96758,220.9962,103.0283,57.2238
1602,153.9200,53.4945,42.7465,5.4365,1.97312,153.9200,53.4945,10.6866
1603,13.9068,8.3209,203.9389,7.3163,2.13555,13.9068,8.3209,50.9847
1604,149.8257,193.8451,142.9736,5.4056,0.42611,149.8257,193.8451,35.7434
1605,126.6755,234.2112,232.0378,7.0467,0.82910,126.6755,234.2112,58.0094
1606,184.0056,62.4671,210.5447,5.8502,2.25889,184.0056,62.4671,52.6362
1607,151.7954,138.6506,78.9001,6.3931,1.35642,151.7954,138.6506,19.7250
1608,15.3927,73.3486,20.1279,6.9459,1.12430,15.3927,73.3486,5.0320
1609,157.2034,165.0826,23.1953,6.6598,0.87756,157.2034,165.0826,5.7988
1610,167.2540,135.5801,209.0354,5.4756,0.79431,167.2540,135.5801,52.2589
1611,245.2150,10.7334,37.6753,5.8393,1.18878,245.2150,10.7334,9.4188
1612,67.8373,198.1078,215.7467,7.1244,0.85948,67.8373,198.1078,53.9367
1613,110.8098,68.7196,144.3123,5.4355,0.97478,110.8098,68.7196,36.0781
1614,17.6258,24.8052,186.1987,5.1161,1.04829,17.6258,24.8052,46.5497
1615,29.6777,204.5924,195.5262,7.7239,0.66575,29.6777,204.5924,48.8815
1616,228.7186,6.1905,58.8911,5.0236,1.37613,228.7186,6.1905,14.7228
1617,248.2362,9.0253,62.5013,5.7995,4.00000,248.2362,9.0253,15.6253
1618,88.5832,214.1782,216.4812,6.1900,0.34432,88.5832,214.1782,54.1203
1619,215.8161,191.9029,162.7252,5.1466,1.21459,215.8161,191.9029,40.6813
1620,60.7783,59.7384,15.4330,7.4583,0.63374,60.7783,59.7384,3.8582
1621,62.2362,215.7087,175.7492,5.2990,1.41403,62.2362,215.7087,43.9373
1622,248.4006,215.5474,83.7024,5.3262,1.02833,248.4006,215.5474,20.9256
1623,148.0647,245.2116,232.8935,5.2911,1.57951,148.0647,245.2116,58.2234
1624,244.2042,111.9463,53.9982,5.6200,2.02446,244.2042,111.9463,13.4995
1625,243.1846,191.1070,212.6348,8.4619,1.12238,243.1846,191.1070,53.1587
1626,22.8164,78.1963,60.1580,7.5149,1.97236,22.8164,78.1963,15.0395
1627,16.9531,248.0142,80.0127,6.7963,0.24498,16.9531,248.0142,20.0032
1628,141.2623,213.5700,117.5608,6.1494,2.59678,141.2623,213.5700,29.3902
1629,245.1082,142.6267,25.9932,8.9355,1.25237,245.1082,142.6267,6.4983
1630,85.7267,73.8082,220.3245,6.3522,1.90924,85.7267,73.8082,55.0811
1631,182.9279,47.4592,155.3355,5.8772,0.48098,182.9279,47.4592,38.8339
1632,23.7198,158.3158,52.9945,5.0202,0.60746,23.7198,158.3158,13.2486
1633,40.3048,165.5048,232.7157,6.9166,1.09151,40.3048,165.5048,58.1789
1634,21.3411,207.7135,76.6144,5.6827,0.98983,21.3411,207.7135,19.1536
1635,163.5543,231.7260,159.2253,8.4704,1.18512,163.5543,231.7260,39.8063
1636,201.7055,190.6307,232.7500,6.2143,1.91690,201.7055,190.6307,58.1875
1637,212.4014,160.5236,180.3457,6.4246,0.34676,212.4014,160.5236,45.0864
1638,101.5064,147.5502,196.0101,7.2674,1.79372,101.5064,147.5502,49.0025
1639,31.6234,184.4335,237.5332,5.9605,1.00498,31.6234,184.4335,59.3833
1640,18.8968,111.4369,65.4177,6.3452,0.88491,18.8968,111.4369,16.3544
1641,92.2581,100.0327,248.7798,5.3922,0.41368,92.2581,100.0327,62.1949
1642,19.6552,67.7924,151.0701,8.9832,1.35233,19.6552,67.7924,37.7675
1643,7.1060,11.2449,116.2824,5.1775,0.23493,7.1060,11.2449,29.0706
1644,240.4723,47.5578,105.2682,7.2335,1.47556,240.4723,47.5578,26.3171
1645,107.7029,42.6507,214.5832,5.2539,0.40850,107.7029,42.6507,53.6458
1646,144.5910,205.4794,22.7476,5.0262,1.03259,144.5910,205.4794,5.6869
1647,134.8040,177.2411,104.7932,7.3316,0.93100,134.8040,177.2411,26.1983
1648,137.1183,182.4002,79.1055,5.2751,2.01723,137.1183,182.4002,19.7764
1649,35.3253,207.5892,163.1507,6.6261,0.89835,35.3253,207.5892,40.7877
1650,31.2663,159.7069,183.0373,5.6580,0.65936,31.2663,159.7069,45.7593
1651,55.1620,137.0776,21.5128,5.2122,0.73789,55.1620,137.0776,5.3782
1652,8.4966,36.1830,188.8728,5.6747,2.14627,8.4966,36.1830,47.2182
1653,22.5834,67.5024,79.2280,5.3227,1.37958,22.5834,67.5024,19.8070
1654,133.7717,46.7043,73.2211,7.3787,0.79344,133.7717,46.7043,18.3053
1655,148.9701,21.6747,99.6070,5.6200,0.86774,148.9701,21.6747,24.9018
1656,211.6106,125.7921,90.6195,5.2759,0.39051,211.6106,125.7921,22.6549
1657,179.3088,107.8752,25.2246,7.2743,1.26249,179.3088,107.8752,6.3061
1658,47.1196,125.3671,209.1114,7.9855,0.34788,47.1196,125.3671,52.2778
1659,215.8813,75.6873,43.8035,6.1752,1.57000,215.8813,75.6873,10.9509
1660,137.3846,244.4323,206.3535,8.3151,1.08023,137.3846,244.4323,51.5884
1661,150.1183,147.6400,165.1498,5.5519,4.00000,150.1183,147.6400,41.2874
1662,41.8942,34.0936,175.5098,6.9037,0.51681,41.8942,34.0936,43.8775
1663,44.2065,150.4577,17.2138,5.6320,0.94026,44.2065,150.4577,4.3034
1664,111.2910,95.1189,138.8754,5.1320,2.94166,111.2910,95.1189,34.7188
1665,156.9539,135.9306,195.7059,8.9971,2.04385,156.9539,135.9306,48.9265
1666,30.1138,170.7402,86.7226,6.2945,0.65854,30.1138,170.7402,21.6806
1667,135.6798,169.1482,229.0158,5.0434,1.14383,135.6798,169.1482,57.2539
1668,151.1607,80.3164,149.7163,7.5765,1.00120,151.1607,80.3164,37.4291
1669,216.3039,110.0340,121.9645,7.6437,1.18433,216.3039,110.0340,30.4911
1670,47.7344,54.8918,173.9726,8.9924,0.65757,47.7344,54.8918,43.4931
1671,158.8790,238.0366,20.0066,8.9541,0.94782,158.8790,238.0366,5.0017
1672,171.0023,226.7868,49.3408,5.6939,0.38334,171.0023,226.7868,12.3352
1673,222.2480,236.8490,115.4402,7.1979,1.08445,222.2480,236.8490,28.8601
1674,40.8125,22.3167,84.2428,5.8045,1.30998,40.8125,22.3167,21.0607
1675,55.9813,10.4557,73.9490,6.0793,0.87245,55.9813,10.4557,18.4873
1676,142.4440,103.9423,224.1011,5.9175,0.37945,142.4440,103.9423,56.0253
1677,51.7650,106.5866,151.4767,5.1546,1.80962,51.7650,106.5866,37.8692
1678,245.5754,199.3756,30.5807,6.5031,1.24448,245.5754,199.3756,7.6452
1679,59.0483,220.8260,41.6380,5.4552,0.64687,59.0483,220.8260,10.4095
1680,194.0200,197.0724,185.1788,7.9312,0.84505,194.0200,197.0724,46.2947
1681,135.6768,61.2520,202.2991,5.7806,0.40641,135.6768,61.2520,50.5748
1682,181.1235,29.7888,232.0946,6.1098,0.54051,181.1235,29.7888,58.0237
1683,222.7119,165.3993,33.1089,6.8265,0.72420,222.7119,165.3993,8.2772
1684,65.1341,193.1432,10.1081,6.2323,2.08977,65.1341,193.1432,2.5270
1685,64.3418,210.9918,188.5225,6.6993,0.68133,64.3418,210.9918,47.1306
1686,194.8654,30.8407,137.7308,5.0761,1.46833,194.8654,30.8407,34.4327
1687,63.1202,118.0058,66.9391,6.8532,0.72398,63.1202,118.0058,16.7348
1688,59.6078,175.5753,176.1760,7.1490,1.16040,59.6078,175.5753,44.0440
1689,175.1493,58.0076,68.2317,5.2621,0.91866,175.1493,58.0076,17.0579
1690,47.1146,238.9232,204.8174,6.1207,1.68849,47.1146,238.9232,51.2043
1691,54.6860,98.1907,139.1198,7.3438,0.72551,54.6860,98.1907,34.7800
1692,218.9283,121.3337,9.7499,7.1733,0.38926,218.9283,121.3337,2.4375
1693,219.8929,137.9588,211.1919,5.8035,0.43641,219.8929,137.9588,52.7980
1694,154.0297,230.4521,108.3665,6.9726,0.72678,154.0297,230.4521,27.0916
1695,130.7303,242.0897,105.5810,5.1898,0.47263,130.7303,242.0897,26.3953
1696,223.4840,147.4792,165.6014,7.0189,1.27906,223.4840,147.4792,41.4004
1697,29.0638,201.5842,237.8977,7.3084,0.75619,29.0638,201.5842,59.4744
1698,249.4856,28.9291,173.0332,5.5101,4.00000,249.4856,28.9291,43.2583
1699,92.3228,159.7253,191.1808,5.4199,0.35253,92.3228,159.7253,47.7952
1700,245.9842,120.1143,29.6552,8.2474,1.12996,245.9842,120.1143,7.4138
1701,28.7527,233.5932,230.3915,5.5842,0.50826,28.7527,233.5932,57.5979
1702,219.8619,135.3988,192.9238,7.9656,0.74376,219.8619,135.3988,48.2309
1703,121.3000,202.5604,88.3841,6.9402,1.08856,121.3000,202.5604,22.0960
1704,93.2766,84.8819,243.6723,6.6189,0.24778,93.2766,84.8819,60.9181
1705,111.1268,21.8713,6.9822,5.8471,1.15269,111.1268,21.8713,1.7456
1706,199.5015,20.7284,194.9432,6.3574,3.13223,199.5015,20.7284,48.7358
1707,21.5600,8.7158,181.1706,5.7753,0.76181,21.5600,8.7158,45.2926
1708,14.8323,39.3530,63.2083,8.0190,1.16869,14.8323,39.3530,15.8021
1709,226.0294,181.8317,41.7355,6.0860,1.84957,226.0294,181.8317,10.4339
1710,66.1978,207.3616,228.5174,6.7054,0.90631,66.1978,207.3616,57.1294
1711,107.7529,237.8971,166.1234,5.6572,0.70569,107.7529,237.8971,41.5308
1712,9.6025,141.4472,152.3003,5.6024,0.25527,9.6025,141.4472,38.0751
1713,242.5160,98.9303,88.1526,5.0774,1.46902,242.5160,98.9303,22.0382
1714,114.7176,122.6957,159.5025,8.5271,0.93435,114.7176,122.6957,39.8756
1715,96.0082,80.8218,197.1562,5.7398,0.54465,96.0082,80.8218,49.2891
1716,106.3526,35.6580,173.8903,5.8753,1.07892,106.3526,35.6580,43.4726
1717,14.1982,24.2908,202.2041,5.1114,0.70454,14.1982,24.2908,50.5510
1718,49.4437,148.7433,239.1119,5.5518,0.72829,49.4437,148.7433,59.7780
1719,6.4014,226.6750,157.6141,5.2973,1.43875,6.4014,226.6750,39.4035
1720,49.9207,180.4224,12.8534,6.1079,0.44797,49.9207,180.4224,3.2133
1721,30.1431,87.0347,233.2840,6.0229,1.87459,30.1431,87.0347,58.3210
1722,59.4160,229.0215,89.9681,5.6946,0.43231,59.4160,229.0215,22.4920
1723,34.7975,123.0325,198.5872,5.3585,0.67192,34.7975,123.0325,49.6468
1724,61.5618,113.1679,35.7402,6.3214,3.17011,61.5618,113.1679,8.9350
1725,121.0638,181.3456,237.5580,6.0241,1.96681,121.0638,181.3456,59.3895
1726,186.0789,44.7808,181.5042,5.6083,1.06031,186.0789,44.7808,45.3761
1727,17.9870,107.2086,16.8954,5.5294,0.56875,17.9870,107.2086,4.2239
1728,163.5334,209.4338,114.8292,8.5224,0.72792,163.5334,209.4338,28.7073
1729,62.6007,92.9937,9.5195,7.7931,1.04495,62.6007,92.9937,2.3799
1730,244.7549,191.2795,111.3081,7.4185,1.02277,244.7549,191.2795,27.8270
1731,125.2247,201.7157,185.0159,8.0229,0.94694,125.2247,201.7157,46.2540
1732,71.3185,99.7786,46.3009,6.8764,0.98167,71.3185,99.7786,11.5752
1733,202.4197,113.1547,175.2298,5.0609,0.87930,202.4197,113.1547,43.8075
1734,76.6427,20.3084,217.0575,7.9266,0.42097,76.6427,20.3084,54.2644
1735,110.9895,39.0214,155.6605,6.9396,0.73352,110.9895,39.0214,38.9151
1736,107.8406,122.2406,112.6499,5.0154,1.73113,107.8406,122.2406,28.1625
1737,187.0346,127.9230,133.8971,5.0892,0.43999,187.0346,127.9230,33.4743
1738,115.2050,143.8550,97.3271,7.0471,0.89250,115.2050,143.8550,24.3318
1739,242.7046,12.6069,89.3943,5.0238,0.61149,242.7046,12.6069,22.3486
1740,182.9831,126.1105,83.1423,6.8909,1.06909,182.9831,126.1105,20.7856
1741,198.6513,185.1706,18.4298,5.1167,0.79201,198.6513,185.1706,4.6074
1742,212.3304,16.7413,97.5553,8.7975,2.42647,212.3304,16.7413,24.3888
1743,173.4558,17.2226,6.6193,5.2739,1.35520,173.4558,17.2226,1.6548
1744,55.7147,145.1104,172.1579,5.1239,0.45517,55.7147,145.1104,43.0395
1745,194.7231,157.1503,225.0537,7.7007,1.49591,194.7231,157.1503,56.2634
1746,155.0516,95.0707,44.4264,6.1499,0.62827,155.0516,95.0707,11.1066
1747,31.0851,182.7039,179.0561,6.4239,0.70737,31.0851,182.7039,44.7640
1748,116.0750,122.3129,206.3744,7.3662,1.20719,116.0750,122.3129,51.5936
1749,99.6253,191.2273,166.3592,5.4867,0.74450,99.6253,191.2273,41.5898
1750,94.2926,173.1025,7.1325,6.0911,1.70867,94.2926,173.1025,1.7831
1751,86.9609,214.6847,176.0145,5.9172,0.62832,86.9609,214.6847,44.0036
1752,39.1083,195.8663,146.4246,6.1426,0.68979,39.1083,195.8663,36.6062
1753,110.4825,90.6039,58.8930,7.7245,0.67447,110.4825,90.6039,14.7232
1754,132.2269,137.7496,114.3689,5.2528,0.71221,132.2269,137.7496,28.5922
1755,247.6698,34.4884,44.6995,6.5624,1.93385,247.6698,34.4884,11.1749
1756,207.6320,15.2199,160.3360,5.0447,1.45831,207.6320,15.2199,40.0840
1757,171.8595,84.5900,109.3691,5.1769,2.78979,171.8595,84.5900,27.3423
1758,36.8204,12.5821,114.5067,5.9899,3.89848,36.8204,12.5821,28.6267
1759,112.0169,172.7086,95.5770,6.2771,0.53879,112.0169,172.7086,23.8943
1760,6.8061,121.8434,22.9520,5.0722,1.04316,6.8061,121.8434,5.7380
1761,79.5400,128.4787,9.7240,5.3933,0.49375,79.5400,128.4787,2.4310
1762,88.2967,119.2382,7.4892,6.0097,0.62715,88.2967,119.2382,1.8723
1763,107.6515,75.6268,169.3687,5.5250,0.68520,107.6515,75.6268,42.3422
1764,12.6345,28.5138,86.6397,8.5504,0.53031,12.6345,28.5138,21.6599
1765,107.5317,183.9656,140.6977,7.3568,0.53199,107.5317,183.9656,35.1744
1766,86.6513,56.5324,200.6482,5.2769,0.91707,86.6513,56.5324,50.1620
1767,23.3324,33.7277,214.2987,6.2062,0.48189,23.3324,33.7277,53.5747
1768,57.0844,248.8705,151.6340,5.1273,1.65744,57.0844,248.8705,37.9085
1769,90.9734,164.8146,139.5471,5.0056,0.57657,90.9734,164.8146,34.8868
1770,151.2314,132.1608,89.9546,5.0932,4.00000,151.2314,132.1608,22.4887
1771,139.2111,119.2565,108.8430,5.1778,0.76275,139.2111,119.2565,27.2107
1772,151.6604,9.4733,190.2628,8.1369,1.04416,151.6604,9.4733,47.5657
1773,180.1213,246.0423,14.5586,6.8641,0.45969,180.1213,246.0423,3.6397
1774,213.9089,158.2718,244.4666,6.5841,2.78335,213.9089,158.2718,61.1167
1775,38.6865,112.3687,202.1241,5.4652,1.95756,38.6865,112.3687,50.5310
1776,190.6533,209.3073,98.3384,5.9219,1.19500,190.6533,209.3073,24.5846
1777,243.8239,238.8802,185.3385,8.4864,0.44571,243.8239,238.8802,46.3346
1778,104.0637,124.6722,173.9524,7.6982,1.13474,104.0637,124.6722,43.4881
1779,163.7531,247.0966,202.7711,5.7648,0.51025,163.7531,247.0966,50.6928
1780,243.3648,22.9962,83.5637,5.2474,2.40467,243.3648,22.9962,20.8909
1781,69.8328,247.7073,117.9214,6.0028,1.62501,69.8328,247.7073,29.4803
1782,245.2152,65.4564,24.1102,5.4780,1.05893,245.2152,65.4564,6.0275
1783,139.0563,105.8824,191.1134,6.3149,0.23181,139.0563,105.8824,47.7783
1784,237.9875,181.9922,56.1209,5.6232,0.55430,237.9875,181.9922,14.0302
1785,246.4635,164.0778,243.7317,7.6209,1.51083,246.4635,164.0778,60.9329
1786,81.9095,109.9444,29.0969,7.2463,2.07038,81.9095,109.9444,7.2742
1787,72.5413,32.5617,115.1008,5.2203,1.94547,72.5413,32.5617,28.7752
1788,139.3563,28.0264,60.3533,5.5546,0.38473,139.3563,28.0264,15.0883
1789,157.0503,222.5944,46.0982,6.7238,1.19833,157.0503,222.5944,11.5246
1790,199.8987,106.2816,153.3258,6.3361,1.83916,199.8987,106.2816,38.3314
1791,39.4943,179.7266,86.5667,5.0844,0.36972,39.4943,179.7266,21.6417
1792,23.1994,226.7378,125.9188,5.5547,0.99527,23.1994,226.7378,31.4797
1793,180.7122,24.4048,102.7386,5.3576,1.17857,180.7122,24.4048,25.6847
1794,211.0035,142.7662,240.9198,6.2677,0.83489,211.0035,142.7662,60.2299
1795,82.4449,184.7768,72.3252,6.8626,0.32913,82.4449,184.7768,18.0813
1796,20.2030,26.9994,230.7040,8.6310,0.82249,20.2030,26.9994,57.6760
1797,244.0690,68.3779,137.4031,5.4101,0.82170,244.0690,68.3779,34.3508
1798,151.1907,167.2280,55.1307,5.1865,0.91499,151.1907,167.2280,13.7827
1799,143.1181,121.3163,35.3160,5.3985,0.71314,143.1181,121.3163,8.8290
1800,197.4611,68.8919,110.0349,6.0731,0.76659,197.4611,68.8919,27.5087
1801,47.8686,190.2176,22.8277,5.6452,0.97646,47.8686,190.2176,5.7069
1802,145.8100,115.6908,155.1961,5.5166,1.30405,145.8100,115.6908,38.7990
1803,215.8859,88.2610,83.5449,6.7855,0.83305,215.8859,88.2610,20.8862
1804,213.1710,161.2703,219.0466,6.8760,0.78209,213.1710,161.2703,54.7617
1805,163.7864,42.8046,249.5118,5.2914,1.05698,163.7864,42.8046,62.3779
1806,65.6582,123.1263,100.1622,5.6362,0.31583,65.6582,123.1263,25.0405
1807,18.0650,150.0773,128.4190,8.0787,1.33139,18.0650,150.0773,32.1047
1808,135.9482,145.3308,193.7201,6.0497,0.99966,135.9482,145.3308,48.4300
1809,49.6304,186.8186,175.3395,5.1734,1.02410,49.6304,186.8186,43.8349
1810,11.1359,145.4268,11.4770,8.0378,1.77969,11.1359,145.4268,2.8692
1811,138.0726,152.7283,47.3760,8.0352,0.30984,138.0726,152.7283,11.8440
1812,56.7542,198.1820,232.4077,5.4785,0.30596,56.7542,198.1820,58.1019
1813,130.9821,8.3237,114.0803,6.0671,1.17855,130.9821,8.3237,28.5201
1814,73.0424,58.1416,44.0998,7.3107,0.99574,73.0424,58.1416,11.0249
1815,15.1906,78.0827,209.4441,5.9338,1.10750,15.1906,78.0827,52.3610
1816,36.2476,10.3254,153.0317,6.2760,0.75785,36.2476,10.3254,38.2579
1817,80.7755,60.2303,214.4191,6.7416,1.48976,80.7755,60.2303,53.6048
1818,224.0495,133.1675,235.7544,7.8306,1.74994,224.0495,133.1675,58.9386
1819,196.7068,16.4820,37.4213,8.8786,1.33695,196.7068,16.4820,9.3553
1820,8.6206,171.4535,204.5904,5.8723,0.85513,8.6206,171.4535,51.1476
1821,32.2270,133.3485,102.9173,5.5822,0.28235,32.2270,133.3485,25.7293
1822,187.1026,10.2967,80.5717,5.7139,1.58652,187.1026,10.2967,20.1429
1823,139.7002,229.0633,197.1679,5.4559,2.08139,139.7002,229.0633,49.2920
1824,214.4006,136.9581,115.4152,5.6050,1.47217,214.4006,136.9581,28.8538
1825,197.5528,119.8477,215.9068,6.8954,0.58991,197.5528,119.8477,53.9767
1826,232.2707,246.7420,87.4484,7.5989,1.49822,232.2707,246.7420,21.8621
1827,107.6148,200.9731,12.7685,5.1237,1.67585,107.6148,200.9731,3.1921
1828,171.1406,194.2910,9.6668,6.0382,2.54795,171.1406,194.2910,2.4167
1829,166.3783,209.5397,244.5671,8.1130,0.59116,166.3783,209.5397,61.1418
1830,207.0075,82.5498,246.4688,5.9018,0.87295,207.0075,82.5498,61.6172
1831,10.4634,19.1589,155.8937,7.1655,1.56575,10.4634,19.1589,38.9734
1832,21.3216,182.9515,225.2967,5.5403,1.03505,21.3216,182.9515,56.3242
1833,241.6230,177.6296,77.5609,7.7616,0.51151,241.6230,177.6296,19.3902
1834,84.0506,145.4995,45.9648,6.0723,1.28245,84.0506,145.4995,11.4912
1835,97.7923,13.7103,85.0262,7.5193,1.41510,97.7923,13.7103,21.2566
1836,90.4745,203.5707,66.3465,5.7825,1.05420,90.4745,203.5707,16.5866
1837,194.4751,152.0711,211.4086,6.2734,1.14082,194.4751,152.0711,52.8521
1838,36.6616,118.4689,10.5549,5.0182,0.85622,36.6616,118.4689,2.6387
1839,249.2118,132.1310,122.1195,5.0622,2.42776,249.2118,132.1310,30.5299
1840,135.1495,115.9012,85.4801,5.5964,0.58251,135.1495,115.9012,21.3700
1841,116.4395,79.4048,217.1875,5.5880,0.70300,116.4395,79.4048,54.2969
1842,107.8954,69.9244,37.6076,5.7713,1.00661,107.8954,69.9244,9.4019
1843,7.2007,153.5155,46.3241,5.1589,1.69447,7.2007,153.5155,11.5810
1844,32.5092,51.8290,245.1278,5.9284,0.40721,32.5092,51.8290,61.2820
1845,240.5729,217.2795,131.5569,6.8922,0.45558,240.5729,217.2795,32.8892
1846,171.0873,242.0235,126.3239,7.6029,0.29445,171.0873,242.0235,31.5810
1847,120.7717,146.9907,172.1841,8.1138,1.01981,120.7717,146.9907,43.0460
1848,51.3967,246.8406,166.1608,7.0112,0.51121,51.3967,246.8406,41.5402
1849,16.8530,125.0512,53.5282,5.5197,0.79395,16.8530,125.0512,13.3821
1850,81.2897,179.0674,90.0161,6.6650,1.48710,81.2897,179.0674,22.5040
1851,246.3162,11.3212,14.1935,7.7498,0.68050,246.3162,11.3212,3.5484
1852,63.1319,194.8205,48.5584,6.2747,1.14886,63.1319,194.8205,12.1396
1853,84.3491,165.0333,89.7572,6.0851,0.83560,84.3491,165.0333,22.4393
1854,245.5266,22.4101,127.3224,8.2698,1.49671,245.5266,22.4101,31.8306
1855,36.8415,249.2224,226.9555,5.1697,1.32986,36.8415,249.2224,56.7389
1856,8.2104,192.5137,79.8419,6.2810,0.66023,8.2104,192.5137,19.9605
1857,238.0713,178.4953,229.6397,5.9403,0.90376,238.0713,178.4953,57.4099
1858,192.2757,200.0598,67.0445,6.0493,1.87058,192.2757,200.0598,16.7611
1859,148.6362,8.6018,233.4451,7.3290,1.26621,148.6362,8.6018,58.3613
1860,216.3410,204.7520,156.1146,7.3687,0.43250,216.3410,204.7520,39.0286
1861,70.5809,127.1742,168.6434,5.1386,1.48197,70.5809,127.1742,42.1608
1862,87.6697,246.7991,180.4802,5.4817,0.52165,87.6697,246.7991,45.1201
1863,186.6873,84.3969,87.0824,7.0726,2.33382,186.6873,84.3969,21.7706
1864,25.7989,132.7680,201.5237,5.5965,1.84866,25.7989,132.7680,50.3809
1865,244.7583,141.6182,246.0582,6.5308,1.18997,244.7583,141.6182,61.5145
1866,11.8977,94.6116,20.8890,5.7109,1.09893,11.8977,94.6116,5.2222
1867,185.9962,104.8822,8.3424,5.6683,0.88213,185.9962,104.8822,2.0856
1868,191.6373,145.9413,12.3095,7.8056,1.50248,191.6373,145.9413,3.0774
1869,52.4453,58.9763,48.6163,5.3915,0.80054,52.4453,58.9763,12.1541
1870,23.6045,72.1668,248.5100,5.9781,1.15182,23.6045,72.1668,62.1275
1871,123.7663,53.6727,79.1898,5.6929,1.68735,123.7663,53.6727,19.7974
1872,62.5401,12.6890,230.4093,6.6103,0.71385,62.5401,12.6890,57.6023
1873,45.6003,156.6896,162.5193,7.0193,0.69093,45.6003,156.6896,40.6298
1874,124.2336,223.6345,243.2460,7.9251,0.48840,124.2336,223.6345,60.8115
1875,184.5915,128.3349,200.0304,6.8892,0.52799,184.5915,128.3349,50.0076
1876,199.1308,80.6854,17.6135,5.7480,0.33386,199.1308,80.6854,4.4034
1877,103.0587,180.6052,61.3369,8.5809,1.54945,103.0587,180.6052,15.3342
1878,112.9882,184.8555,37.0100,5.5845,2.96047,112.9882,184.8555,9.2525
1879,155.2159,142.6940,105.5063,6.1942,2.35184,155.2159,142.6940,26.3766
1880,101.5552,214.8669,125.4495,5.9859,0.37695,101.5552,214.8669,31.3624
1881,132.4272,7.2884,63.0967,5.8092,1.54483,132.4272,7.2884,15.7742
1882,149.4726,175.7455,67.6617,5.5146,2.34730,149.4726,175.7455,16.9154
1883,109.3472,90.4961,228.1783,8.5705,0.76027,109.3472,90.4961,57.0446
1884,27.4644,44.8895,179.6740,6.4326,1.06276,27.4644,44.8895,44.9185
1885,20.1523,61.8387,228.3271,7.2481,0.29977,20.1523,61.8387,57.0818
1886,135.3710,103.3006,163.3623,5.5691,1.17356,135.3710,103.3006,40.8406
1887,103.2936,201.6721,38.6338,6.0210,0.52828,103.2936,201.6721,9.6585
1888,107.2760,215.0859,56.4456,5.1971,1.12725,107.2760,215.0859,14.1114
1889,117.4496,108.0111,62.6349,5.4728,0.39191,117.4496,108.0111,15.6587
1890,228.5986,58.7550,107.4858,6.8691,1.38502,228.5986,58.7550,26.8714
1891,239.6912,224.4181,240.3773,6.0018,1.84912,239.6912,224.4181,60.0943
1892,119.7635,112.6559,125.7037,6.4958,0.62506,119.7635,112.6559,31.4259
1893,42.8074,92.4713,9.0425,8.0104,0.50553,42.8074,92.4713,2.2606
1894,193.0651,106.5243,201.7916,6.0436,0.27428,193.0651,106.5243,50.4479
1895,198.1919,226.3411,244.2661,6.0962,0.85227,198.1919,226.3411,61.0665
1896,85.2840,187.4660,166.6909,6.3134,0.70542,85.2840,187.4660,41.6727
1897,223.5593,220.6527,21.6198,6.7595,0.39431,223.5593,220.6527,5.4049
1898,151.6649,79.0917,213.5858,5.1960,1.31234,151.6649,79.0917,53.3964
1899,26.7205,59.5881,169.7414,6.9763,0.76339,26.7205,59.5881,42.4353
1900,98.5721,218.4390,13.4250,5.3185,0.52443,98.5721,218.4390,3.3563
1901,242.1072,171.0226,97.8435,5.4096,0.71695,242.1072,171.0226,24.4609
1902,69.7262,43.9563,155.6709,7.5202,1.90177,69.7262,43.9563,38.9177
1903,196.0005,78.1757,62.1009,7.0516,1.43586,196.0005,78.1757,15.5252
1904,27.6968,116.4654,27.2044,7.2686,0.92495,27.6968,116.4654,6.8011
1905,202.2020,164.2538,208.5901,7.0300,1.44985,202.2020,164.2538,52.1475
1906,154.2944,152.6238,154.0579,5.3459,0.49830,154.2944,152.6238,38.5145
1907,220.8929,79.6441,175.7414,5.4499,1.01961,220.8929,79.6441,43.9354
1908,40.1187,10.7403,215.2256,5.9038,1.09242,40.1187,10.7403,53.8064
1909,142.7927,201.7121,180.4056,8.4383,0.75435,142.7927,201.7121,45.1014
1910,64.1624,77.3833,14.1170,7.6301,1.29858,64.1624,77.3833,3.5293
1911,172.6627,25.8327,138.0203,8.3188,0.62609,172.6627,25.8327,34.5051
1912,148.6713,198.4575,122.0614,6.6294,1.35784,148.6713,198.4575,30.5154
1913,203.9416,224.6844,30.1724,5.5371,1.39252,203.9416,224.6844,7.5431
1914,119.9785,25.7793,222.6689,7.0085,0.17372,119.9785,25.7793,55.6672
1915,225.8198,206.3183,13.1954,6.1503,2.04252,225.8198,206.3183,3.2989
1916,94.6758,47.5463,162.6610,5.7422,0.16064,94.6758,47.5463,40.6653
1917,158.9568,117.3842,140.9137,5.3539,0.69099,158.9568,117.3842,35.2284
1918,166.8146,233.6229,248.3257,5.1759,1.85004,166.8146,233.6229,62.0814
1919,185.8550,220.0632,238.7879,5.0689,0.82665,185.8550,220.0632,59.6970
1920,48.9032,127.7448,224.9854,6.0716,0.41490,48.9032,127.7448,56.2464
1921,129.2220,247.6642,117.3829,6.2625,0.51880,129.2220,247.6642,29.3457
1922,246.4345,96.2782,73.7362,7.5130,1.85177,246.4345,96.2782,18.4340
1923,48.0770,124.0272,77.1990,6.5141,0.31572,48.0770,124.0272,19.2998
1924,205.3352,245.4908,238.6531,6.8142,1.96874,205.3352,245.4908,59.6633
1925,231.8067,169.5641,185.9031,5.9215,0.96748,231.8067,169.5641,46.4758
1926,93.1184,200.0745,13.1675,6.8894,0.48898,93.1184,200.0745,3.2919
1927,75.3942,170.8715,168.7331,6.6284,0.70478,75.3942,170.8715,42.1833
1928,36.7786,125.9443,165.6482,7.1098,0.54317,36.7786,125.9443,41.4120
1929,59.6843,94.8394,66.2051,6.1333,1.68158,59.6843,94.8394,16.5513
1930,160.9995,77.3122,245.0043,8.0524,1.55186,160.9995,77.3122,61.2511
1931,221.1647,68.0766,11.5086,7.3597,0.35647,221.1647,68.0766,2.8771
1932,202.4446,11.6395,11.3935,8.1587,0.78493,202.4446,11.6395,2.8484
1933,127.5726,168.0264,59.7970,7.8590,0.59576,127.5726,168.0264,14.9493
1934,30.6605,32.5777,68.5442,8.2307,2.17299,30.6605,32.5777,17.1361
1935,147.7227,153.5676,66.2340,5.4033,0.44483,147.7227,153.5676,16.5585
1936,165.2367,217.4168,217.9081,7.8678,2.61833,165.2367,217.4168,54.4770
1937,145.2114,112.1118,176.0066,7.9422,0.98022,145.2114,112.1118,44.0017
1938,46.7833,88.1535,152.7212,5.0748,0.49800,46.7833,88.1535,38.1803
1939,125.0268,128.4189,98.9422,5.6191,0.66607,125.0268,128.4189,24.7356
1940,198.1167,244.4186,103.5852,6.4845,0.61818,198.1167,244.4186,25.8963
1941,58.6657,201.9115,73.8890,5.0940,0.46544,58.6657,201.9115,18.4722
1942,145.2955,187.0911,221.6861,6.6556,1.05855,145.2955,187.0911,55.4215
1943,196.9585,181.0239,69.9889,5.0732,0.47867,196.9585,181.0239,17.4972
1944,98.2014,243.9768,118.3631,6.2415,0.27030,98.2014,243.9768,29.5908
1945,129.3527,241.0521,164.2879,5.3680,0.79628,129.3527,241.0521,41.0720
1946,198.3714,140.0963,117.8223,6.8450,0.33901,198.3714,140.0963,29.4556
1947,107.5796,142.0974,225.2626,6.8497,0.63680,107.5796,142.0974,56.3156
1948,228.0285,205.1332,37.1294,6.1529,0.57957,228.0285,205.1332,9.2823
1949,62.8887,117.7220,168.1392,6.0675,0.59290,62.8887,117.7220,42.0348
1950,113.8723,187.3271,230.0656,5.1016,3.32204,113.8723,187.3271,57.5164
1951,244.8325,199.1240,6.8624,5.1932,1.03443,244.8325,199.1240,1.7156
1952,232.1729,156.6254,103.9432,5.9686,1.15861,232.1729,156.6254,25.9858
1953,92.2591,165.4606,207.5069,5.1505,0.34444,92.2591,165.4606,51.8767
1954,28.4555,88.4422,169.2977,6.2377,0.67545,28.4555,88.4422,42.3244
1955,194.5196,38.2204,48.9187,5.3684,1.13790,194.5196,38.2204,12.2297
1956,168.5665,14.2495,65.5564,8.2261,0.54079,168.5665,14.2495,16.3891
1957,44.5195,67.8834,106.9603,5.0087,1.72433,44.5195,67.8834,26.7401
1958,154.1206,75.7385,226.7151,5.1505,0.48597,154.1206,75.7385,56.6788
1959,222.0737,228.4061,72.6449,6.1416,0.84213,222.0737,228.4061,18.1612
1960,204.8554,32.1979,231.0375,5.2527,0.70354,204.8554,32.1979,57.7594
1961,225.7526,106.2455,134.1243,7.6550,1.10362,225.7526,106.2455,33.5311
1962,119.6886,150.1149,30.6321,5.1103,0.68093,119.6886,150.1149,7.6580
1963,103.2798,19.3108,102.2879,5.0753,0.84999,103.2798,19.3108,25.5720
1964,155.4641,115.6479,242.8515,6.0164,0.86790,155.4641,115.6479,60.7129
1965,90.2549,66.2176,23.9860,7.2496,0.64363,90.2549,66.2176,5.9965
1966,118.3956,47.0364,217.7417,5.3536,1.33784,118.3956,47.0364,54.4354
1967,140.3565,7.2942,247.8610,5.4548,1.15377,140.3565,7.2942,61.9652
1968,233.3097,117.0214,217.4485,5.7013,0.94822,233.3097,117.0214,54.3621
1969,188.0483,228.5249,137.0856,6.2717,0.77238,188.0483,228.5249,34.2714
1970,142.8911,35.5486,126.9781,6.4270,1.61273,142.8911,35.5486,31.7445
1971,130.7717,118.2089,25.8434,5.9376,0.86805,130.7717,118.2089,6.4609
1972,150.4088,229.0625,9.2155,5.9072,0.83192,150.4088,229.0625,2.3039
1973,66.7939,222.2293,57.6059,7.0394,1.06483,66.7939,222.2293,14.4015
1974,177.9227,144.6790,84.1235,5.6714,2.76752,177.9227,144.6790,21.0309
1975,125.9103,105.8801,136.4257,5.1015,0.44744,125.9103,105.8801,34.1064
1976,199.1590,123.4226,141.2601,6.8530,1.58711,199.1590,123.4226,35.3150
1977,78.1187,138.8802,245.9955,6.7060,0.32113,78.1187,138.8802,61.4989
1978,37.4125,77.2382,165.4475,5.8629,1.13924,37.4125,77.2382,41.3619
1979,247.4024,175.0915,39.4013,5.7397,2.57294,247.4024,175.0915,9.8503
1980,233.2478,191.8283,237.7322,5.5157,1.34071,233.2478,191.8283,59.4331
1981,205.5738,188.2381,51.6077,8.8263,1.10780,205.5738,188.2381,12.9019
1982,167.2570,92.5136,126.2416,6.5559,0.71443,167.2570,92.5136,31.5604
1983,230.6312,174.0111,210.0356,5.1993,1.01880,230.6312,174.0111,52.5089
1984,31.8278,21.3918,134.6117,5.8907,0.85964,31.8278,21.3918,33.6529
1985,141.4913,42.9147,12.9466,6.0379,0.62401,141.4913,42.9147,3.2367
1986,243.0381,119.6612,62.8859,5.5093,0.84036,243.0381,119.6612,15.7215
1987,60.3466,237.0934,7.4164,5.5149,1.12640,60.3466,237.0934,1.8541
1988,75.4265,92.7672,83.7528,5.0874,0.63108,75.4265,92.7672,20.9382
1989,33.1586,7.7435,194.4947,5.9737,0.61646,33.1586,7.7435,48.6237
1990,97.9574,140.8660,211.1624,5.3300,0.44213,97.9574,140.8660,52.7906
1991,27.3305,49.9744,80.6194,5.5674,1.26419,27.3305,49.9744,20.1548
1992,21.3483,19.5559,143.0902,5.5243,1.38707,21.3483,19.5559,35.7725
1993,206.7733,213.2148,199.3450,5.4581,1.14912,206.7733,213.2148,49.8362
1994,149.5092,41.2138,83.4495,6.1078,1.78444,149.5092,41.2138,20.8624
1995,29.9310,170.6523,223.1937,5.8965,1.05414,29.9310,170.6523,55.7984
1996,59.3583,161.4890,161.8744,5.1884,1.26517,59.3583,161.4890,40.4686
1997,151.2842,87.6027,7.0482,5.8318,1.19998,151.2842,87.6027,1.7620
1998,108.7630,50.5493,237.6001,5.8000,0.94656,108.7630,50.5493,59.4000
1999,172.7824,146.0329,155.3928,7.0586,0.72724,172.7824,146.0329,38.8482
2000,118.8098,158.1704,195.9059,5.1259,3.77534,118.8098,158.1704,48.9765
